,p_Proteobacteria,p_Bacteroidetes,p_Firmicutes,p_Actinobacteria,p_Cyanobacteria,p_Verrucomicrobia,p_Fusobacteria,f_Enterobacteriaceae,f_Yersiniaceae,f_Pectobacteriaceae,f_Pseudomonadaceae,f_Moraxellaceae,f_Chromatiaceae,f_Xanthomonadaceae,f_Pasteurellaceae,f_Comamonadaceae,f_Burkholderiaceae,f_Oxalobacteraceae,f_Neisseriaceae,f_Rhodobacteraceae,f_Bradyrhizobiaceae,f_Methylobacteriaceae,f_Caulobacteraceae,f_Sphingomonadaceae,f_Desulfovibrionaceae,f_Campylobacteraceae,f_Prevotellaceae,f_Bacteroidaceae,f_Porphyromonadaceae,f_Tannerellaceae,f_Rikenellaceae,f_Odoribacteraceae,f_Flavobacteriaceae,f_Ruminococcaceae,f_Lachnospiraceae,f_Clostridiaceae,f_Eubacteriaceae,f_Oscillospiraceae,f_Staphylococcaceae,f_Streptococcaceae,f_Erysipelotrichaceae,f_Peptoniphilaceae,f_Veillonellaceae,f_Micrococcaceae,f_Microbacteriaceae,f_Corynebacteriaceae,f_Propionibacteriaceae,f_Actinomycetaceae,f_Bifidobacteriaceae,f_Coriobacteriaceae,f_Leptotrichiaceae,f_Akkermansiaceae,f_Fusobacteriaceae,g_Escherichia,g_Salmonella,g_Klebsiella,g_Yersinia,g_Sodalis,g_Pseudomonas,g_Acinetobacter,g_Moraxella,g_Rheinheimera,g_Stenotrophomonas,g_Pasteurella,g_Hydrogenophaga,g_Comamonas,g_Delftia,g_Ralstonia,g_Cupriavidus,g_Paraburkholderia,g_Paracoccus,g_Bradyrhizobium,g_Brevundimonas,g_Desulfovibrio,g_Campylobacter,g_Prevotella,g_Bacteroides,g_Porphyromonas,g_Parabacteroides,g_Alistipes,g_Odoribacter,g_Butyricimonas,g_Faecalibacterium,g_Flavonifractor,g_Anaerostipes,g_Blautia,g_Clostridium,g_Hungatella,g_Eubacterium,g_Oscillibacter,g_Staphylococcus,g_Streptococcus,g_Parvimonas,g_Veillonella,g_Micrococcus,g_Rothia,g_Microcella,g_Corynebacterium,g_Cutibacterium,g_Actinomyces,g_Bifidobacterium,g_Collinsella,g_Leptotrichia,g_Akkermansia,g_Lachnoclostridium,g_Fusobacterium,g_Burkholderia,s_Escherichia coli,s_Salmonella enterica,s_Klebsiella pneumoniae,s_Yersinia pestis,s_Candidatus Sodalis pierantonius,s_Pseudomonas sp. NC02,s_Acinetobacter johnsonii,s_Moraxella osloensis,s_Rheinheimera sp. LHK132,s_Stenotrophomonas maltophilia,s_Pasteurella multocida,s_Hydrogenophaga sp. NH-16,s_Ralstonia pickettii,s_Ralstonia insidiosa,s_Cupriavidus metallidurans,s_Paraburkholderia fungorum,s_Paracoccus sp. Arc7-R13,s_Campylobacter ureolyticus,s_Bacteroides dorei,s_Bacteroides vulgatus,s_Bacteroides ovatus,s_Bacteroides uniformis,s_Bacteroides thetaiotaomicron,s_Bacteroides caccae,s_Bacteroides fragilis,s_Bacteroides clarus,s_Bacteroides caecimuris,s_Bacteroides cellulosilyticus,s_Porphyromonas asaccharolytica,s_Parabacteroides distasonis,s_Alistipes shahii,s_Alistipes finegoldii,s_Odoribacter splanchnicus,s_Butyricimonas faecalis,s_Faecalibacterium prausnitzii,s_Flavonifractor plautii,s_rectale,s_Lachnospiraceae bacterium GAM79,s_Anaerostipes hadrus,s_Clostridium botulinum,s_Clostridium saccharobutylicum,s_Hungatella hathewayi,s_Eubacterium hallii,s_Streptococcus pyogenes,s_Parvimonas micra,s_Micrococcus luteus,s_Microcella alkaliphila,s_Cutibacterium acnes,s_Actinomyces oris,s_Bifidobacterium longum,s_Collinsella aerofaciens,s_Fusobacterium nucleatum,s_Akkermansia muciniphila
RT1,0.940724634,0.020530344,0.018920674,0.016294372,0.001779108,0.001299031,0.000451837,0.671823084,0.003649436,0.001198322,0.099406286,0.030720627,0.001851953,0.00408519,0.00136173,0.023857509,0.02647203,0.004030721,0.000817038,0.032191296,0.001198322,0.000817038,0.001307261,0.001851953,0.000163408,0.000108938,0.001416199,0.025055831,0.000544692,0.004684351,0.000544692,0.002886867,0.00136173,0.002124299,0.001198322,0.01018574,5.45E-05,0.000381284,0.002832398,0.010349148,0.000217877,0.000217877,0.000163408,0.00746228,0.001579607,0.003594967,0.00947764,0.001525138,0.000925976,0.000980446,0.000435754,0.002505583,0.000381284,0.088026339,0.024259227,0.023566106,0.010396812,0.003292324,0.253682204,0.063247271,0.025818749,0.005891527,0.003465604,0.002772483,0.023912667,0.0175013,0.004158725,0.063593831,0.011089932,0.005544966,0.093744585,0.002599203,0.003292324,0.00034656,0.00034656,0.004505285,0.079708889,0.001732802,0.014555536,0.001732802,0.00849073,0.000693121,0.005718246,0,0.001212961,0.00017328,0.032403396,0,0.00017328,0.001212961,0.007624329,0.032923237,0.000693121,0.000519841,0.015075377,0.001906082,0.001906082,0.011436493,0.022353145,0.003985444,0.002772483,0.003119043,0.001386242,0.007970889,0,0.001212961,0.002252643,0.155527795,0.043722673,0.033728919,0.012492192,0.004996877,0.005933791,0.012179888,0.044659588,0.010618364,0.004372267,0.004996877,0.042473454,0.101499063,0.002498438,0.018738289,0.009056839,0.157401624,0,0.023422861,0.014990631,0.004372267,0.020924422,0.00843223,0.00843223,0.007495315,0.001561524,0.000312305,0.003123048,0.002810743,0.004059963,0.001249219,0.000936914,0.015302936,0.001249219,0.010306059,0,0.000312305,0.000312305,0.002186134,0.037788882,0.018738289,0,0,0.04996877,0.001249219,0.027170518,0.003435353,0.038413492,0.001249219,0.003435353,0.005621487,0.001873829,0.014366021
RT2,0.9114205,0.011702986,0.035714286,0.038337369,0.000100888,0.000201776,0.002522195,0.39446093,0.004945598,0.002373887,0.247477745,0.039564787,0.002769535,0.009693373,0.002373887,0.052423343,0.040158259,0.004549951,0.000593472,0.05479723,0.001978239,0.00098912,0.003956479,0.003560831,0,0.000197824,0.001978239,0.0140455,0.000197824,0.000395648,0.000791296,0.000197824,0.003363007,0.000395648,0.000395648,0.019782394,0,0,0.019188922,0.00652819,0,0.003560831,0.00098912,0.009297725,0.006330366,0.015232443,0.019782394,0.004549951,0.000791296,0,0.00098912,0.000395648,0.003956479,0.055912354,0.015867019,0.018133736,0.009066868,0.003400076,0.369097091,0.065357008,0.005289006,0.005289006,0.008689082,0.003400076,0.026067246,0.018133736,0.00491122,0.058179071,0.008311296,0.007177937,0.097468833,0.002644503,0.004533434,0,0.000377786,0.003400076,0.026822818,0,0,0.001511145,0,0.000377786,0.000755572,0,0,0,0.037778617,0,0,0,0.034378542,0.011711371,0.000377786,0.001888931,0.006044579,0.002266717,0.006800151,0.029089535,0.028711749,0.008689082,0.001133359,0,0.001133359,0.000755572,0,0.007555723,0.001511145,0.129973475,0.037135279,0.030946065,0.015915119,0.007073386,0.004420866,0.027409372,0.011494253,0.012378426,0.018567639,0.00795756,0.061007958,0.120247569,0.00530504,0.016799293,0.016799293,0.216622458,0,0,0,0.000884173,0,0.001768347,0.000884173,0.052166225,0,0.000884173,0.000884173,0,0,0,0,0,0.000884173,0.001768347,0,0,0,0,0.067197171,0.020335986,0,0,0.009725906,0.000884173,0.014146773,0.015915119,0.058355438,0.00530504,0.001768347,0,0.004420866,0.001768347
RT3,0.188244561,0.573744123,0.194949325,0.039989056,0.000111,5.55E-05,0.002906436,0.049201343,0.000608933,0.00021074,0.028850397,0.006400203,0.000363264,0.001322654,0.000556539,0.006759974,0.008766078,0.00027012,0.000338814,0.012838828,0.000365593,0.000156017,0.000413329,0.000335321,0.002866527,7.80E-05,0.031140591,0.545393472,2.91E-05,0.022426908,0.032602963,0.030244074,0.000706735,0.067014096,0.026411171,0.046351116,0.001664961,0.015024235,0.000693928,0.002357724,0.011065587,0.00021074,0.001535723,0.001715026,0.000558868,0.001829128,0.002000282,0.0014484,0.000741664,0.032630906,0.000803373,4.42E-05,0.002652294,0.004855895,0.001172424,0.001227824,0.000557867,0.000203564,0.025740495,0.005592847,0.001218805,0.000400685,0.000431606,0.00048443,0.002316503,0.001311568,0.000443202,0.007413324,0.001269052,0.000490872,0.013609132,0.000323383,0.000365899,0.001053893,7.09E-05,0.030486878,0.603510829,1.80E-05,0.024596416,0.036070706,0.012508858,0.020863986,0.066841027,0.004761843,0.000365899,0.003928263,0.007346329,0.04367471,0.001841092,0.016625224,0.000646766,0.002549699,0.0001108,0.000541119,0.00034915,0.000660938,0.000306634,0.002024041,0.001814036,0.0010642,0.000354304,0.035950887,0.000791064,4.90E-05,0.005666284,0.002934924,0.000191968,0.005784143,0.001456902,0.00127821,0.000491,0.000228597,0.000717987,0.001345824,0.001418266,0.000500659,0.00039119,0.000605299,0.002892877,0.008243974,0.000226987,0.001439194,0.000557004,0.016410676,0,0.010525113,0.227973811,0.030253662,0.019285844,0.012672635,0.047618971,0.280452879,0.000526417,0.00305225,0.033916041,1.61E-06,0.001651693,0.022400878,0.019010562,0.015629905,0.026069696,0.08351833,0.005949957,0.001843263,0.001419876,0.000457194,0.003528762,0.000420167,0.054571856,0.002063811,0.000925656,0.000138446,0.000436266,0.000383141,0.002145912,0.000265623,8.21E-05,0.044920885,0.001841653,5.63E-05
RT4,0.539122014,0.289347966,0.063783086,0.06888315,0.000193673,6.46E-05,0.038605552,0.102170931,0.000887741,0.000403519,0.113630861,0.026309418,0.000807037,0.006940521,0.001371964,0.096683076,0.041320313,0.001533371,0.000887741,0.051650391,0.001371964,0.000403519,0.001856186,0.001371964,0.008070374,0.001129852,0.015575821,0.25074651,0.001210556,0.045920426,0.007424744,0.02267775,0.007263336,0.019611008,0.006940521,0.010733597,0.001614075,0.002340408,0.013881043,0.006779114,0.001049149,0.002098297,0.001694778,0.005003632,0.001452667,0.033653458,0.023404084,0.005810669,0.000322815,0.005729965,0.002421112,8.07E-05,0.045759019,0.008749736,0.003057137,0.001897533,0.000948767,0.000527093,0.12249631,0.031203879,0.002635463,0.001054185,0.002951718,0.001265022,0.009382248,0.006535948,0.001370441,0.043327008,0.005376344,0.002740881,0.06588657,0.001581278,0.001792115,0.010436433,0.001370441,0.016866962,0.327535315,0.001581278,0.058928948,0.009698503,0.012333966,0.017288636,0.024140839,0.001475859,0.000105419,0.001265022,0.00917141,0.004743833,0.00210837,0.003057137,0.017077799,0.008538899,0.000843348,0.002002952,0.001686696,0.001581278,0.00073793,0.043959519,0.027830487,0.006957622,0.000210837,0.007273877,0.0028463,0.000105419,0.000948767,0.059772296,0.00073793,0.015814135,0.005661851,0.00312378,0.000976181,0.000976181,0.007809449,0.01034752,0.004880906,0.001952362,0.004099961,0.002342835,0.016790316,0.06481843,0.001952362,0.009371339,0.00468567,0.119679813,0.001952362,0.08609918,0.16028895,0.062670832,0.035728231,0.052713784,0.035728231,0.039047247,0.00468567,0.002342835,0.004295197,0.002733307,0.015814135,0.009761812,0.006442796,0.02284264,0.032018743,0.044709098,0.002733307,0.001366654,0.000976181,0.000195236,0.015423663,0.001366654,0.008785631,0.003904725,0.003319016,0.00156189,0.00312378,0.001366654,0.042366263,0.002928544,0,0.0134713,0.001757126,0.000195236
RT5,0.568429457,0.252630096,0.052742814,0.024328386,0.011976329,0.087826414,0.002066504,0.172679683,0.002546689,0.000778155,0.118845501,0.024971703,0.00155631,0.004598189,0.002122241,0.041666667,0.019170911,0.001131862,0.000353707,0.003183362,0.001202603,0.000565931,0.003678551,0.001980758,0.000919638,0.000282965,0.004527448,0.264148274,0.000282965,0.067345784,0.009196378,0.018958687,0.002334465,0.029003962,0.013723826,0.009479344,0.003183362,0.001273345,0.003041879,0.005234861,0.000848896,0.000212224,0.000990379,0.003395586,0.004032258,0.004456706,0.011035654,0.001768534,0.00049519,0.003395586,0.001344086,0.132286361,0.001768534,0.017004342,0.005517366,0.005788712,0.003165702,0.000994935,0.123733719,0.029757598,0.001356729,0.001899421,0.005155572,0.001537627,0.010130246,0.023968886,0.001266281,0.017637482,0.003075253,0.00198987,0.001899421,0.001266281,0.00461288,0.00063314,0.000271346,0.002442113,0.337735166,0.000361795,0.085202605,0.011758321,0.017999276,0.006240955,0.036722142,0.000271346,0.000361795,0.005155572,0.012029667,9.04E-05,0.004070188,0.001628075,0.003889291,0.006693198,9.04E-05,0.001175832,0.001628075,0.000904486,0.001718524,0.005698263,0.011486975,0.00198987,0.000452243,0.004341534,0.001628075,0.169138929,0.001537627,0.002261216,0.00063314,0.023852972,0.007950991,0.006777894,0.003388947,0.001042753,0.003388947,0.002085506,0.001955162,0.002737226,0.006126173,0.00221585,0.01459854,0.02346194,0.000260688,0.003649635,0.002476538,0.00221585,0,0.022028154,0.024635036,0.03584463,0.098800834,0.056308655,0.052007299,0.159019812,0.009645464,0.000912409,0,0.000391032,0.030630865,0.000651721,0.01238269,0.025938478,0.008993743,0.052919708,0.000391032,0.001694473,0.000651721,0.000521376,0.013816475,0.003388947,0.000130344,0.005604797,0.001173097,0.000130344,0.002346194,0.002476538,0.015641293,0.001303441,0.000651721,0.006256517,0.001173097,0.24335245
RT6,0.908897236,0.015697707,0.021304031,0.053147951,0.00016819,0.000112126,0.000672759,0.340078033,0.004083114,0.000635151,0.224752745,0.057435804,0.002722076,0.009708738,0.001179566,0.065057617,0.138009255,0.003175755,0.000725887,0.011069776,0.006442247,0.002086925,0.006170039,0.005171944,0,0.000272208,0.001361038,0.01097904,0.000181472,0.002722076,0.000544415,0.000362943,0.00680519,0.004264586,0.00417385,0.004899737,0.001451774,0.000544415,0.006623718,0.003720171,0.000362943,0.000362943,0.000453679,0.0083477,0.007894021,0.006623718,0.039016423,0.001814717,0.003447963,0.003175755,0.000453679,0,0.000635151,0.036243557,0.007893041,0.009020619,0.005154639,0.001127577,0.334246134,0.055251289,0.035438144,0.004671392,0.011114691,0.001449742,0.011114691,0.039304124,0.007893041,0.1875,0.031088918,0.011436856,0.011114691,0.009181701,0.009826031,0,0.000322165,0.002094072,0.019490979,0.000322165,0.004188144,0.000966495,0.00064433,0,0.004671392,0,0.00128866,0.002094072,0.008698454,0,0.00257732,0.000966495,0.011275773,0.006443299,0.000483247,0.00064433,0.008859536,0.000805412,0.005637887,0.011759021,0.0625,0.003221649,0.005476804,0.005637887,0.000805412,0,0.000161082,0.001127577,0.006765464,0.075664622,0.01670075,0.016019087,0.008179959,0.002385821,0.011247444,0.028629857,0.068507157,0.009884117,0.017723245,0.003067485,0.022835719,0.35139741,0.006134969,0.06066803,0.022154056,0.014314928,0.000340832,0.001704158,0.013974097,0.000681663,0.003408316,0,0,0.007839127,0.000340832,0.001704158,0.007498296,0.000681663,0.000681663,0.001363327,0.000681663,0.001363327,0,0.009884117,0,0.004430811,0,0.002726653,0.011588275,0.006475801,0,0.005453306,0.00204499,0.001022495,0.01874574,0.011929107,0.128152693,0.003408316,0.002385821,0.011929107,0.00204499,0
RT7,0.904015671,0.020023942,0.020785722,0.053106976,0.000217652,0,0.001850038,0.364940387,0.00204918,0.000558867,0.223546945,0.042101341,0.003353204,0.01061848,0.001676602,0.071721311,0.098360656,0.001304024,0.002980626,0.029433681,0.002235469,0.002235469,0.003725782,0.003725782,0.001490313,0.000558867,0.002421759,0.016579732,0,0.000558867,0.002980626,0.001862891,0.008010432,0.000186289,0.001117735,0.013971684,0,0.000186289,0.007078987,0.003912072,0.000745156,0.000186289,0.000186289,0.010991058,0.004470939,0.013040238,0.03818927,0.002421759,0.001117735,0,0.001862891,0,0.001304024,0.050084602,0.00676819,0.013536379,0.003384095,0.000676819,0.334686971,0.069035533,0.003722504,0.006091371,0.007783418,0.002707276,0.063959391,0.01962775,0.007783418,0.138747885,0.020304569,0.009475465,0.026395939,0.003384095,0.006091371,0.002707276,0.000338409,0.004399323,0.030118443,0,0.000338409,0.005414552,0.000338409,0.003045685,0,0.000338409,0,0.000676819,0.024703892,0.000676819,0,0.000338409,0.01285956,0.007106599,0,0.000338409,0.011505922,0.001692047,0.002707276,0.023688663,0.055837563,0.004060914,0.001692047,0,0.003384095,0,0,0.002368866,0.005076142,0.105984138,0.014419611,0.022350397,0.002883922,0.000720981,0.006488825,0.028118241,0.007209805,0.01297765,0.012256669,0.005767844,0.136265321,0.261715934,0.007930786,0.043258832,0.018024513,0.038932949,0,0.004325883,0.021629416,0.000720981,0,0.004325883,0.008651766,0.009372747,0.001441961,0,0.003604903,0,0,0.002162942,0.009372747,0.000720981,0.006488825,0,0.000720981,0.000720981,0,0,0.042537851,0.007209805,0.001441961,0,0.002162942,0,0.024513338,0.005767844,0.110310022,0.000720981,0.001441961,0,0.004325883,0
RT8,0.871970765,0.023528658,0.023913322,0.061610463,0.015707142,0.001410437,0.001859213,0.308769662,0.003663004,0.000646412,0.257056669,0.039862099,0.003447533,0.01195863,0.000861883,0.071967248,0.109459168,0.003663004,0.001292825,0.003447533,0.003663004,0.002370179,0.00280112,0.005602241,0,0.000323206,0.001616031,0.024886878,0.000430942,0.004417151,0.001185089,0.001292825,0.004524887,0.002262443,0.00258565,0.002370179,0.000323206,0.000107735,0.020577462,0.00398621,0.000107735,0.000538677,0.000646412,0.004524887,0.005494505,0.003339797,0.073367809,0.003016591,0.001292825,0.000754148,0.000861883,0.002370179,0.002262443,0.04107205,0.008527671,0.010790115,0.004176819,0.001044205,0.347024017,0.055516881,0.008179603,0.005569092,0.016011138,0.000522102,0.002088409,0.062826314,0.006439262,0.129481378,0.022972503,0.011486251,0.003654716,0.005569092,0.003480682,0,0.000348068,0.002262443,0.04020188,0.000696136,0.005743126,0.001914375,0.001740341,0.000348068,0.003132614,0,0.000174034,0.000696136,0.00382875,0,0.000522102,0.000174034,0.033066481,0.006439262,0.000696136,0.000870171,0.002610512,0.000870171,0.003132614,0.005395057,0.114862513,0.004176819,0.001566307,0.001218239,0.001392273,0.00382875,0.000174034,0.003654716,0.007831535,0.093487815,0.019176988,0.018777467,0.006392329,0.001198562,0.011186576,0.021973632,0.017978426,0.012784658,0.031961646,0.001198562,0.003595685,0.262485018,0.004794247,0.049540551,0.025169796,0.00679185,0.000799041,0.036356372,0.007590891,0.003595685,0.005193767,0.002796644,0,0.012385138,0,0.000399521,0.003995206,0.001598082,0.002397123,0.002796644,0.001598082,0.003995206,0.000799041,0.00719137,0,0.003196165,0.002796644,0.000399521,0.003995206,0.004794247,0,0.001198562,0.003196165,0.001598082,0.005992809,0.00719137,0.260087895,0.004394726,0.000799041,0.002796644,0.00679185,0.008789453
RT9,0.944423092,0.012376047,0.012068568,0.029210547,0,0.000307479,0.001614267,0.378468517,0.004135539,0.001334045,0.286953042,0.032550694,0.003201708,0.010005336,0.001334045,0.066435432,0.113127001,0.002001067,0.002134472,0.004535752,0.003735326,0.002001067,0.004535752,0.004802561,0.000133404,0,0.001334045,0.00773746,0.000266809,0.001600854,0.000533618,0.002401281,0.005336179,0.001067236,0.000400213,0.003201708,0,0.000266809,0.005336179,0.00506937,0,0.00120064,0.001067236,0.009738527,0.007203842,0.004002134,0.014541089,0.001467449,0.000266809,0.001334045,0.001467449,0.000400213,0.001334045,0.046108807,0.011710173,0.01512564,0.004879239,0.002439619,0.43595999,0.053183703,0.005367163,0.005611125,0.014637717,0.001951696,0.009270554,0.052451818,0.008538668,0.157111491,0.028299585,0.010246402,0.006586972,0.005611125,0.006830934,0.000243962,0,0.001951696,0.014149793,0.000487924,0.002195657,0.000975848,0.00121981,0.003171505,0.001951696,0,0.000243962,0,0.005855087,0,0,0.000487924,0.009514516,0.009270554,0,0.001463772,0.009270554,0.00121981,0.005123201,0.007318858,0.025616004,0.002683581,0.000487924,0.002439619,0.002439619,0.000731886,0,0.002195657,0.005367163,0.12012987,0.031168831,0.026623377,0.008441558,0.006493506,0.015584416,0.037662338,0.013636364,0.014935065,0.031818182,0.005194805,0.024675325,0.36038961,0.011038961,0.068831169,0.024675325,0.01038961,0,0.003896104,0.009090909,0.003896104,0.001298701,0.005844156,0.003896104,0.001298701,0,0,0,0.001298701,0,0.000649351,0.000649351,0.003246753,0.008441558,0.005194805,0,0,0,0.000649351,0.009090909,0.005194805,0,0,0.006493506,0,0.024675325,0.013636364,0.068181818,0.001948052,0.001298701,0.006493506,0,0.001948052
RT10,0.926082709,0.023119505,0.013187887,0.035981765,0.001139694,0,0.00048844,0.368657135,0.004205214,0.001401738,0.24025792,0.056069526,0.002803476,0.012335296,0.001401738,0.073451079,0.110176619,0.005046257,0.001121391,0.002242781,0.007008691,0.004205214,0.003644519,0.006167648,0,0.000841043,0.017101205,0.015979815,0.000560695,0.001121391,0,0,0.003083824,0.000560695,0.000560695,0.006728343,0,0,0.002803476,0.005046257,0,0.000280348,0.000841043,0.008410429,0.006447996,0.004485562,0.018783291,0.004485562,0.000560695,0.000280348,0.000560695,0,0.000280348,0.043107769,0.011027569,0.019548872,0.005513784,0.001503759,0.351879699,0.09273183,0.006516291,0.005012531,0.016541353,0.001002506,0.011528822,0.06716792,0.009022556,0.139348371,0.029072682,0.013533835,0.003007519,0.011027569,0.005513784,0,0.001503759,0.030576441,0.028571429,0.001002506,0,0,0,0,0.001002506,0,0,0,0.012030075,0,0,0,0.005012531,0.009022556,0,0.001503759,0.007518797,0.001503759,0.003508772,0.00802005,0.029573935,0.00802005,0.001002506,0.000501253,0.001002506,0,0,0.000501253,0.005012531,0.113606341,0.029062087,0.030383091,0.007926024,0.003963012,0.007926024,0.062087186,0.017173052,0.01321004,0.030383091,0.002642008,0.029062087,0.328929987,0.007926024,0.06340819,0.034346103,0.003963012,0.002642008,0.035667107,0.010568032,0.003963012,0.001321004,0.001321004,0,0.003963012,0,0,0.001321004,0,0,0,0,0,0,0.002642008,0,0,0,0,0.023778071,0.007926024,0,0,0.007926024,0,0.019815059,0.009247028,0.071334214,0.007926024,0,0.001321004,0.001321004,0
RT11,0.184931341,0.636064914,0.133419241,0.015060605,4.83E-05,0,0.030475577,0.029154441,0.00039889,9.75E-05,0.020281351,0.003288628,0.000203877,0.000647089,0.000132963,0.002889738,0.008952869,0.000195013,8.86E-05,0.000522989,0.000301384,7.09E-05,0.000292519,0.000283655,9.75E-05,0.078678876,0.002340156,0.418098978,0.041679594,0.022196024,0.055605294,0.150080221,0.00046094,0.019164458,0.041041369,0.036068538,0.000780052,0.008793313,0.000904151,0.001622153,0.002490848,0.003660926,0.000381162,0.000514125,0.000576175,0.002065365,0.001710796,0.000815509,0.003829346,0.004999424,0.000177285,0,0.033364949,0.002437457,0.000529061,0.000595193,0.000245635,7.56E-05,0.018139219,0.002853148,0.000538508,0.000207845,0.000529061,6.61E-05,0.000132265,0.000878618,0.000311768,0.007161212,0.001190386,0.000510166,0.000217293,0.00026453,0.000217293,6.61E-05,0.08379941,0.000708563,0.445610687,0.04442219,0.023552642,0.059264228,0.052301413,0.107635477,0.014662535,0.003429446,0.000321215,0.004959943,0.002872043,0.033255234,0.000831381,0.00937193,0.000954198,0.001709999,0.003221601,6.61E-05,0.000198398,0.000122818,0.00026453,0.00220127,0.001672209,0.000283425,0.004062429,0.005328395,0.00018895,0,0.019669715,0.035560426,0.000330663,0.003055813,0.000665858,0.000594516,0.000225916,7.13E-05,0.000321039,0.0011058,0.000653968,0.000261587,0.000582626,8.32E-05,0.000142684,0.008121091,0.000178355,0.001379278,0.000618297,0.000142684,0.102518371,0.048893011,0.039333191,0.02716939,0.050450643,0.003020142,0.068048322,0.165953247,7.13E-05,0.002889349,0.020415686,0.055741837,0.004577775,0.008323227,0.047906114,0.065824832,0.135466457,0.018453782,0.004316187,0.009750065,0.001284155,0.000404271,0.000439942,0.000214026,0.041853939,0.0003686,7.13E-05,0.0040546,0.000249697,0.000332929,0.001926232,0.000107013,0.001296045,0.006706143,0.04336401,0
RT12,0.856318779,0.054357472,0.02742279,0.058617323,8.87E-05,0.000266241,0.002928647,0.316522793,0.003104649,0.000832955,0.237316371,0.030743601,0.002801757,0.006890807,0.001060124,0.046418295,0.116916553,0.002120248,0.001893079,0.003937604,0.003483265,0.005376344,0.004619113,0.004543389,0.00265031,0.000454339,0.004694836,0.048614266,0.006890807,0.005376344,0.00863244,0.006663638,0.005149175,0.004013327,0.003104649,0.005224898,0.000530062,7.57E-05,0.011888536,0.00863244,0.002953203,0.000832955,0.001817356,0.012872937,0.004164774,0.012039982,0.037028623,0.006057852,0.001514463,0.00408905,0.001741633,0.000454339,0.003256096,0.040795769,0.010576681,0.011206245,0.004029212,0.00088139,0.319944598,0.042306724,0.006925208,0.004658776,0.008939814,0.000251826,0.001636867,0.027449005,0.009695291,0.150843616,0.024427096,0.009443465,0.00528834,0.004784689,0.007177033,0.003903299,0.000503651,0.007302946,0.080836061,0.011458071,0.007680685,0.014354067,0.007177033,0.003273735,0.006421556,0.000251826,0,0.001133216,0.007680685,0.001007303,0.00088139,0.000125913,0.019138756,0.013724503,0,0.00264417,0.006799295,0.003777386,0.002140519,0.020020146,0.05401662,0.009443465,0.002266432,0.006799295,0.002392344,0.000755477,0.001510954,0.005414253,0.003903299,0.083490439,0.022353892,0.019391328,0.005655804,0.001885268,0.007541072,0.02558578,0.014004848,0.009964988,0.012927552,0.000538648,0.003501212,0.287368705,0.004847832,0.048747643,0.019122004,0.005117156,0.000538648,0.001077296,0.012658228,0.002962564,0.064368435,0.0067331,0.038513332,0.018583356,0.002154592,0.001077296,0.000807972,0.023969836,0.000269324,0.018044708,0.010234312,0.015351468,0.007002424,0.013735524,0.000538648,0.001077296,0.000538648,0,0.007810396,0.008349044,0.002154592,0.001077296,0.003501212,0,0.014543496,0.004578508,0.112846755,0.00538648,0.001615944,0.014543496,0.009695664,0.001615944
RT13,0.862136785,0.013323182,0.060144652,0.060271539,0.000126887,0.000253775,0.00374318,0.411513223,0.002286737,0.000795387,0.17240008,0.026048916,0.0029827,0.005269437,0.003082124,0.027838536,0.112845496,0.003976934,0.009743488,0.019884669,0.003778087,0.001889044,0.0029827,0.00238616,0.000198847,0.00059654,0.004772321,0.005269437,0.000397693,0.001690197,0.00029827,0.000198847,0.006164247,0.00029827,0.00178962,0.007059057,9.94E-05,0.000198847,0.05498111,0.019785246,9.94E-05,0.000397693,0.003479817,0.013819845,0.007755021,0.009544641,0.032213164,0.009743488,0.002883277,0.00029827,0.003181547,0.000397693,0.00268443,0.042462845,0.009264621,0.010229685,0.004053272,0.001544103,0.278903687,0.045937078,0.003474233,0.005790388,0.007334491,0.001351091,0.004053272,0.012159815,0.005983401,0.166956186,0.024512642,0.011773789,0.026635785,0.005790388,0.004439297,0.000386026,0.001158078,0.009071608,0.010229685,0.000772052,0.002702181,0.000579039,0,0.000386026,0.000386026,0.000193013,0.000772052,0.000193013,0.013703918,0,0.000193013,0.000386026,0.106157113,0.037637522,0,0.005790388,0.006176414,0.012931866,0.004439297,0.018529241,0.056745802,0.018143216,0.000386026,0.000579039,0.005597375,0.000772052,0,0.005211349,0.007141478,0.099426386,0.022944551,0.020076482,0.006214149,0.001912046,0.014340344,0.027724665,0.008604207,0.014340344,0.01290631,0.00334608,0.010038241,0.371414914,0.006692161,0.057839388,0.028202677,0.033460803,0,0.001434034,0.003824092,0.001912046,0.00334608,0.002868069,0.000956023,0.004780115,0.002390057,0.001434034,0.000478011,0.000956023,0.001912046,0.000478011,0.000478011,0,0.000956023,0.000956023,0.000478011,0.001912046,0.000478011,0.001912046,0.022466539,0.011472275,0,0.000478011,0.002868069,0,0.015296367,0.010994264,0.137667304,0.01625239,0.000478011,0.001434034,0.005258126,0.001912046
RT14,0.472988235,0.418070588,0.047105882,0.059717647,9.41E-05,0,0.002023529,0.134616549,0.001694813,0.00248169,0.062950185,0.065189758,0.000242116,0.002965922,0.001271109,0.013134798,0.043883542,0.001755342,0.002421161,0.014103263,0.002360632,0.000847406,0.002179045,0.002300103,0.002421161,0.000363174,0.006900309,0.463470734,0,0.042067671,0.006476606,0.009987289,0.002965922,0.000726348,0.023606319,0.001815871,0.008474063,0.000363174,0.004660735,0.006658193,0.000423703,0.000121058,0.002965922,0.029719751,0.00248169,0.006052902,0.014769082,0.003631741,0.001573755,0.000363174,0.001755342,0,0.000786877,0.012039127,0.002031603,0.003686983,0.001279157,0.000376223,0.064033108,0.071331828,0.0082769,0.000300978,0.002633559,7.52E-05,0.001053424,0.005718585,0.001730625,0.041158766,0.007674944,0.003536494,0.011813394,0.001805869,0.002332581,0.002784048,0.000225734,0.004364184,0.576147479,0,0.052069225,0.008051166,0.008728367,0.003686983,0,0.000902935,0.008427389,0.007148232,0.001805869,0.000451467,0.010534236,0.000451467,0.005342363,0.008126411,0,0.003461249,0.007524454,0.001805869,0.001053424,0.007524454,0.016403311,0.004288939,0.001805869,0.000150489,0.002106847,0,0.009857035,0.000978179,0.000902935,0.01784266,0.003128259,0.003707566,0.001737921,0.000579307,0.002317229,0.02351987,0.010890974,0.000463446,0.002896536,0.000115861,0.00162206,0.055729348,0.001042753,0.010890974,0.00486618,0.012860619,0,0.108214575,0.410497046,0.024215039,0.038813579,0.010775113,0.006835824,0.029081219,0.065229985,0.009964083,0.034526706,0,0.000231723,0.004518596,0.006835824,0.013439926,0.00567721,0,0.001390337,0,0,0.01297648,0.001158614,0.001274476,0.000695169,0.016104739,0.00081103,0,0.011586143,0.00162206,0.024678485,0.003475843,0.000115861,0.000231723,0.00081103,0
RT15,0.423119266,0.48795107,0.054862385,0.023914373,6.12E-05,0,0.010091743,0.126141014,0.001180359,0.000393453,0.076802014,0.017154548,0.000865596,0.002911552,0.000236072,0.016918477,0.0401322,0.001967265,0.000472144,0.003226314,0.00133774,0.001416431,0.001731193,0.001573812,0.001022978,0.000236072,0.001652502,0.392272584,0.17917847,0.012826566,0.012197041,0.015423355,0.001416431,0.015659427,0.009442871,0.003698458,7.87E-05,0.001259049,0.002439408,0.002990242,0.001259049,0.012511804,0.001180359,0.003698458,0.002124646,0.004406673,0.009757633,0.001180359,0.001888574,0.002754171,0.000472144,0,0.012511804,0.010205993,0.002247191,0.003277154,0.000655431,0.000374532,0.075187266,0.018632959,0.000842697,0.001029963,0.002902622,0.000187266,0.000655431,0.007958801,0.00159176,0.033707865,0.004307116,0.002340824,0.002996255,0.001404494,0.001872659,0.001029963,0.000280899,0.001779026,0.4667603,0.213202247,0.015074906,0.014513109,0.001779026,0.016573034,0.014419476,0.003838951,0.000655431,0.002247191,0.002808989,0.001310861,9.36E-05,0.001498127,0.002715356,0.003464419,0.014606742,0.000842697,0.002247191,0.00093633,0.00093633,0.005243446,0.009644195,0.001404494,0.001498127,0.003277154,0.000280899,0,0.002247191,0.01488764,0.005524345,0.013631053,0.003115669,0.003115669,0.000259639,0.000389459,0.000649098,0.004284045,0.001038556,0.001428015,0.003375308,0.000259639,0.000908737,0.041931715,0.000519278,0.005582241,0.00298585,0.003505128,0,0.058418798,0.198883552,0.036219655,0.087108919,0.015448527,0.000519278,0.072439309,0.000649098,0.015188887,0.000519278,0.295469298,0.004933143,0.01142412,0.005062962,0.002466571,0.02297806,0.019992211,0.005322602,0.000259639,0.00012982,0.000908737,0.001168376,0.001298196,0.001817474,0.00012982,0.000778917,0.02025185,0.003115669,0.001298196,0.012722316,0.000519278,0.001428015,0.004543684,0.009606647,0
RT16,0.788143879,0.098492255,0.028971337,0.028250913,0.000360212,0.018885401,0.036896002,0.344137989,0.003416382,0.000666611,0.173568869,0.032330639,0.003249729,0.003999667,0.001583201,0.028497625,0.075327056,0.000833264,0.001999833,0.00391634,0.003666361,0.00091659,0.002583118,0.00208316,0.006082826,0.004249646,0.020664945,0.083659695,0.027247729,0.005749521,0.00091659,0.004999583,0.004582951,0.001166569,0.003833014,0.004249646,8.33E-05,0.000749938,0.013748854,0.007249396,0.000833264,0.000249979,0.001249896,0.007832681,0.003249729,0.003833014,0.017581868,0.003333056,0.000333306,0.001416549,0.001416549,0.030497459,0.056161987,0.043031383,0.008496642,0.008085515,0.004796492,0.001096341,0.234068795,0.043442511,0.007537344,0.005344662,0.004248321,0.001781554,0.001644511,0.011237495,0.003837193,0.095381664,0.012882006,0.004248321,0.004111279,0.004385364,0.003563108,0.009867069,0.006989174,0.032067973,0.137590791,0.044538852,0.009181856,0.001507469,0.00575579,0.002466767,0.000274085,0.001644511,0,0.000685213,0.006441003,0.00054817,0.000137043,0.001233384,0.02247499,0.011374537,0.000137043,0.000959298,0.006029875,0.002877895,0.002466767,0.006303961,0.02617514,0.00520762,0.00054817,0.002329725,0.001781554,0.050157599,0.001781554,0.090722215,0.004522406,0.084961767,0.017558765,0.013310677,0.006513735,0.002265647,0.008779383,0.022373265,0.013877089,0.01104503,0.007929765,0.003681677,0.003398471,0.173605211,0.004248088,0.025771736,0.008212971,0.008212971,0.013027471,0.034267913,0.079297649,0.005380912,0.003115265,0.005947324,0.016142736,0.01585953,0.000849618,0.003115265,0.01104503,0.091758709,0.007363353,0.001699235,0.000566412,0.011894647,0.005097706,0.000566412,0.003398471,0,0.001132824,0,0.007363353,0.004248088,0.001132824,0,0.003115265,0.000283206,0.012461059,0.005097706,0.051543472,0.004531294,0.000849618,0.0048145,0.073633532,0.103653356
RT17,0.7055805,0.13170836,0.046824888,0.104981826,0.000213812,0.003848621,0.006841993,0.211727417,0.000950872,0,0.1318542,0.072900158,0.000316957,0.02155309,0.000950872,0.029477021,0.090649762,0.029477021,0.000316957,0.007606973,0.005071315,0.0022187,0.003803487,0.002852615,0,0.000633914,0.023137876,0.136608558,0.012678288,0.000950872,0.008240887,0.001901743,0.007606973,0.005388273,0.006973059,0.003803487,0.000950872,0.000633914,0.005388273,0.010459588,0.000316957,0.000633914,0.001584786,0.007290016,0.003486529,0.007290016,0.111251981,0.010142631,0.003486529,0.001584786,0.0022187,0.00570523,0.00792393,0.017607223,0.004063205,0.005417607,0.000902935,0,0.158916479,0.091647856,0.011286682,0.000451467,0.027990971,0,0.003160271,0.013995485,0.003160271,0.097065463,0.01986456,0.006320542,0.009029345,0.006772009,0.003611738,0,0.000902935,0.031602709,0.194582393,0.018058691,0,0.011738149,0.002708804,0,0.007674944,0,0.000451467,0.002257336,0.00496614,0.000451467,0.001354402,0.000902935,0.007674944,0.013995485,0.000451467,0.002257336,0.004063205,0.00496614,0.001805869,0.010383747,0.154401806,0.014446953,0,0.002257336,0.003160271,0.008126411,0.000451467,0.011286682,0.001354402,0.028443114,0.006736527,0.003742515,0.001497006,0,0.006736527,0.044161677,0.017964072,0.000748503,0.00748503,0,0.004491018,0.144461078,0.002994012,0.032185629,0.009730539,0.011976048,0,0.005239521,0.028443114,0.009730539,0.003742515,0.004491018,0,0.239520958,0,0.003742515,0.000748503,0.02994012,0,0.013473054,0.002994012,0.004491018,0,0.012724551,0,0.005239521,0.000748503,0.000748503,0.002994012,0.000748503,0.000748503,0.001497006,0.000748503,0.000748503,0.006736527,0.002994012,0.252245509,0.010479042,0,0.003742515,0.013473054,0.013473054
RT18,0.916473155,0.007634931,0.015035301,0.059765909,0.00035184,3.52E-05,0.00070368,0.355193369,0.004466491,0.001288411,0.258047199,0.033648994,0.002941871,0.006635315,0.000837467,0.056217656,0.123451223,0.002426507,0.003092186,0.005411325,0.003349868,0.001932616,0.004810067,0.004359123,0.000107368,0.000386523,0.002770083,0.001889669,8.59E-05,0.002168825,0.000193262,4.29E-05,0.004359123,0.000171788,0.000322103,0.006892997,0,0,0.004144388,0.00758015,4.29E-05,0.001052202,0.001460199,0.015332088,0.00483154,0.018123644,0.023212867,0.034572355,0.000815993,2.15E-05,0.000837467,2.15E-05,0.000450944,0.043526402,0.013516093,0.011797946,0.005994426,0.002023596,0.370814402,0.041388263,0.013477912,0.005230804,0.008628918,0.000954526,0.012599748,0.029132145,0.005765339,0.110305067,0.016837845,0.006758047,0.005154442,0.004619908,0.007674392,0.000190905,0.000649078,0.004887175,0.003359933,0.000152724,0.000954526,0.000343629,3.82E-05,3.82E-05,0.000229086,3.82E-05,0,3.82E-05,0.012256119,0,0,0,0.007139857,0.013439731,0,0.00251995,0.008781643,0.009927074,0.004314459,0.03222481,0.037493796,0.060707877,0.000954526,3.82E-05,0.001489061,3.82E-05,0,0.000801802,0.08075293,0.122797357,0.038986784,0.027643172,0.01277533,0.005506608,0.012665198,0.033700441,0.035352423,0.015088106,0.020044053,0.002753304,0.035462555,0.283370044,0.006057269,0.044603524,0.018612335,0.008920705,0.000110132,0,0.002863436,0.001101322,0.001211454,0.000110132,0.000110132,0.000330396,0.001101322,0.000330396,0.00154185,0.000110132,0.000660793,0.000660793,0.000110132,0.000110132,0.000110132,0.000660793,0.000110132,0,0.000660793,0,0.022136564,0.01277533,0,0,0.010022026,0,0.025330396,0.012444934,0.104845815,0.072797357,0.00154185,0.000110132,0.00154185,0.000110132
RT19,0.646438746,0.077564103,0.180128205,0.031695157,0.00014245,0.00534188,0.058689459,0.181799591,0.00204499,0.000920245,0.127505112,0.024130879,0.001431493,0.00204499,0.001533742,0.020654397,0.047443763,0.000715746,0.002249489,0.002249489,0.00194274,0.000817996,0.073108384,0.00593047,0.008997955,0.009304703,0.004498978,0.064826176,0.005214724,0.003169734,0.002965235,0.018711656,0.005828221,0.001738241,0.0099182,0.21799591,0.000306748,0.000306748,0.002249489,0.010736196,0.001329243,0.000920245,0.004498978,0.007157464,0.002249489,0.0099182,0.010122699,0.007361963,0.000613497,0.000613497,0.003885481,0.007668712,0.080368098,0.0194161,0.004535147,0.004251701,0.001984127,0.000992063,0.144274376,0.026643991,0.004393424,0.001984127,0.00212585,0.001133787,0.003968254,0.005243764,0.002409297,0.049744898,0.007227891,0.003543084,0.002267574,0.001842404,0.036422902,0.012471655,0.012755102,0.005527211,0.089852608,0.007227891,0.00255102,0.004109977,0.016014739,0.009920635,0.001417234,0.000992063,0,0,0.299603175,0.00255102,0.00042517,0.00042517,0.003117914,0.014880952,0.000992063,0.005952381,0.001842404,0.003401361,0.001558957,0.013747166,0.012329932,0.009778912,0.00085034,0.00085034,0.005102041,0.010629252,0.010204082,0.111252834,0.003259637,0.080664294,0.018979834,0.016607355,0.005931198,0.003558719,0.005338078,0.019572954,0.014234875,0.008303677,0.008303677,0.004744958,0.016607355,0.176749703,0.005931198,0.03024911,0.014234875,0.006524318,0.00118624,0,0.003558719,0.011862396,0.004744958,0.043890866,0.069395018,0.072360617,0,0.005338078,0.005338078,0.03024911,0.00118624,0.011269276,0.002372479,0.067022539,0.041518387,0.005931198,0.004151839,0,0,0,0.015421115,0.007710558,0.010676157,0.001779359,0.004744958,0.004151839,0.007710558,0.006524318,0.049822064,0.014234875,0.001779359,0.003558719,0.009489917,0.044483986
RT21,0.860836687,0.062202708,0.03455706,0.037402935,0.000406554,0,0.004594056,0.342620965,0.004560678,0.00114017,0.249198318,0.024798689,0.002565382,0.003776812,0.002137818,0.043540227,0.09028718,0.00356303,0.003420509,0.003919333,0.003277988,0.001710254,0.003420509,0.002280339,0.000213782,0.000498824,0.005843369,0.075536236,0.000498824,0.009620181,0.004204375,0.003277988,0.004631939,0.004845721,0.003776812,0.009905223,0.000783867,0.000142521,0.007838666,0.014608423,0.000285042,0.000142521,0.002707903,0.011615478,0.006199672,0.009833963,0.018884059,0.007767405,0.00121143,0.001353951,0.003420509,0,0.004133115,0.044276852,0.011434132,0.015204963,0.005838706,0.001702956,0.338523294,0.038194867,0.003649191,0.004379029,0.004379029,0.001094757,0.025422698,0.007176742,0.005108868,0.117868872,0.019583992,0.007663301,0.004622309,0.004622309,0.005108868,0.000364919,0.000851478,0.007176742,0.128938085,0.000851478,0.014718404,0.007176742,0.004865588,0.000729838,0.007784941,0.000364919,0.00012164,0.002919353,0.016907919,0,0.001338037,0.000243279,0.013015448,0.02457122,0,0.004622309,0.007784941,0.00413575,0.006325265,0.016786279,0.029436808,0.013258728,0.001824596,0.002311154,0.004987228,0,0.00012164,0.006325265,0.003284272,0.093925609,0.025153867,0.026491838,0.00802783,0.003478726,0.007225047,0.031040942,0.007760235,0.009633396,0.004816698,0.002408349,0.055927214,0.231736687,0.00615467,0.041477121,0.015252877,0.008563018,0.000267594,0.04575863,0.082686647,0.004549104,0.03585764,0.008830613,0.003746321,0.012041745,0.010436179,0.002675943,0.003478726,0.000267594,0.007225047,0.00187316,0.010971367,0.010703773,0.001605566,0.017126037,0.000802783,0.001337972,0.000535189,0.000267594,0.026491838,0.008295424,0,0.002943538,0.003478726,0,0.017126037,0.013914905,0.063955044,0.008295424,0.003478726,0.005084292,0.004816698,0
RT22,0.880483647,0.021519732,0.029650917,0.06178343,0.000218742,0.001018284,0.005325247,0.364108163,0.004043999,0.0014154,0.227003127,0.041990187,0.002642079,0.005715518,0.00122668,0.034549229,0.100088968,0.001631079,0.002089399,0.014180955,0.003383479,0.001725439,0.004744958,0.003369999,9.44E-05,0.00039092,0.022107193,0.004947158,0.00018872,0.00106492,0.00124016,0.00044484,0.005203278,0.002628599,0.004151839,0.006416478,0.00093012,6.74E-05,0.013897876,0.010959236,0.00025612,0.003356519,0.002574679,0.019950394,0.005621158,0.011080556,0.048905424,0.007050038,0.00105144,0.00031004,0.003167799,0.001806319,0.006227758,0.049822576,0.0133068,0.014385729,0.005730316,0.002349669,0.325021579,0.062338161,0.009422653,0.004699338,0.00620984,0.000719286,0.007312746,0.008583485,0.00798408,0.133307759,0.024503692,0.009110962,0.020307855,0.004555481,0.00709696,0.000119881,0.000575429,0.039249065,0.008799271,0.000335667,0.000767239,0.002205812,0.000383619,0.000407596,0.004267766,7.19E-05,0.003236789,0.000527477,0.011268821,0,0.001654359,0.000119881,0.024239954,0.017766376,7.19E-05,0.003980052,0.011964132,0.006977079,0.004267766,0.019708449,0.081782871,0.012084013,0.000839168,0.000551453,0.004963077,0.003212813,0.000167834,0.011077012,0.005586458,0.111880109,0.030245232,0.025831063,0.008337875,0.004959128,0.009046322,0.029700272,0.020490463,0.010681199,0.01013624,0.001634877,0.016512262,0.269209809,0.006866485,0.052588556,0.02,0.038637602,0.000326975,0.000435967,0.00599455,0.001307902,0.000435967,0.000544959,0.000817439,0.003814714,0.001307902,0.000108992,0.002016349,0.000544959,0.000108992,0.001253406,0.000653951,0.000871935,0.000926431,0.009700272,0.000163488,0.001307902,0.001743869,0.007356948,0.016348774,0.008501362,0,0.003651226,0.006212534,0.000163488,0.02719346,0.009700272,0.178855586,0.009264305,0.00119891,0.001253406,0.021852861,0.007302452
RT23,0.950088769,0.015806655,0.016894794,0.016551171,0.000229082,2.86E-05,0.000400893,0.444391888,0.003724945,0.001892036,0.301779696,0.034647904,0.004375333,0.018388222,0.000473009,0.033938391,0.044994974,0.00183291,0.000591261,0.008514161,0.007627269,0.001478153,0.003724945,0.00319281,5.91E-05,0,0.000473009,0.021994915,0,0.001714657,0.000413883,0.001419027,0.003665819,0.010465323,0.002542423,0.003843198,5.91E-05,0.000650387,0.001655531,0.007272512,0.003311062,0.000591261,0.000295631,0.003488441,0.005203098,0.005616981,0.006208242,0.001419027,0.001182522,5.91E-05,0.000354757,0,0.000473009,0.066372256,0.015196779,0.01818418,0.007403559,0.00389661,0.525522795,0.065203273,0.00519548,0.009481751,0.002987401,0.000389661,0.003506949,0.010131186,0.005065593,0.064943499,0.007923107,0.010520847,0.00259774,0.007663333,0.006884011,0,0,0.001039096,0.048317963,0,0.003766723,0.000909209,0.002727627,0.000389661,0.021691129,0.000779322,0.000389661,0.000649435,0.008312768,0.000129887,0.000129887,0.001428757,0.003506949,0.015846214,0,0.000649435,0.001688531,0.000389661,0.006104689,0.012339265,0.010520847,0.002987401,0.000909209,0.000129887,0.000779322,0,0.001168983,0.001039096,0.012209378,0.204040404,0.047272727,0.044444444,0.018181818,0.012121212,0.013737374,0.024646465,0.014949495,0.029494949,0.006464646,0.001212121,0.01010101,0.15959596,0.026262626,0.021818182,0.032323232,0.005252525,0,0.012121212,0.071919192,0,0.005252525,0.003636364,0.004848485,0.012121212,0.000808081,0.00040404,0.00040404,0,0.004444444,0.00040404,0.001212121,0.008484848,0.001212121,0.067474747,0.002424242,0,0,0.001212121,0.010505051,0.014141414,0.00040404,0,0.042828283,0,0.005252525,0.018989899,0.03030303,0.002828283,0.002020202,0.00040404,0.002020202,0
RT24,0.942288326,0.018359284,0.013130374,0.022891006,0.001084515,0,0.002246495,0.460841019,0.005002345,0.001406909,0.308972956,0.018055338,0.006878224,0.004377052,0.000547131,0.041269345,0.040878537,0.000781616,0.001172425,0.003204627,0.003048304,0.001406909,0.00336095,0.002579334,0,7.82E-05,0.004924183,0.025089886,0.001875879,0.000312647,0,7.82E-05,0.002032203,0,0.001485071,0.004846022,0,0,0.002266688,0.008206972,0.001719556,0.002970142,0.000859778,0.006643739,0.005627638,0.014381741,0.006409254,0.001485071,0.000312647,7.82E-05,0.000234485,0,0.00429889,0.06257379,0.018384213,0.016360263,0.009107775,0.002867263,0.523865745,0.031202564,0.006240513,0.014673638,0.005903188,0,0.002867263,0.018890201,0.008433125,0.066790353,0.008264463,0.008939113,0.004385225,0.005565863,0.006240513,0,0.000168663,0.010625738,0.054140665,0.0040479,0,0,0.000168663,0,0,0,0,0,0.007758475,0.0026986,0,0,0.00472255,0.017709563,0.00607185,0.00067465,0.005565863,0.000505988,0.005903188,0.031033901,0.011131725,0.0026986,0.00067465,0.000168663,0.000505988,0,0.00067465,0.009276438,0.001517963,0.183458647,0.054636591,0.037092732,0.020050125,0.008521303,0.014035088,0.00952381,0.01754386,0.043609023,0.007017544,0,0.008521303,0.169423559,0.015538847,0.023558897,0.02556391,0.008521303,0.000501253,0,0,0.001002506,0,0,0,0.152882206,0,0.000501253,0,0.012030075,0,0,0,0.000501253,0,0,0,0,0,0,0.007017544,0.015037594,0.00802005,0,0.042105263,0.018045113,0.016541353,0.01754386,0.032080201,0.002506266,0.001002506,0.000501253,0.02556391,0
RT25,0.873390522,0.072924414,0.027454092,0.021305433,0.000347102,0,0.004578437,0.407565646,0.003617539,0.001465727,0.251387763,0.026539013,0.003025011,0.004147695,0.001871141,0.034740847,0.032869706,0.001091499,0.000873199,0.00296264,0.002370112,0.001559284,0.005301566,0.002432483,3.12E-05,0.001185056,0.007983534,0.103785941,0.010603131,0.00779642,0.000311857,0.001122684,0.002370112,0.007858791,0.012162415,0.005675794,0.000374228,0.001559284,0.003617539,0.008077091,0.001122684,0.001029127,0.000498971,0.00664255,0.004677852,0.004802595,0.006268322,0.002120626,0.00483378,0.001091499,0.001403356,0,0.007172706,0.046740763,0.01393812,0.014058276,0.006127966,0.002463202,0.380775008,0.038269751,0.009672574,0.005767498,0.004686092,0.002162812,0.005527185,0.013637729,0.006368279,0.046440372,0.006368279,0.007329528,0.003664764,0.003965155,0.007990388,0,0.000841093,0.015139682,0.199939922,0.020426555,0.014598979,0.000600781,0.001021328,0.001141484,0.009372184,0.005046561,0.003003905,0.001802343,0.01045359,0.000360469,0.000720937,0.003003905,0.006848904,0.015139682,0.00096125,0.000841093,0.002343046,0.002102734,0.005046561,0.009252028,0.009792731,0.003424452,0.009071793,0.002102734,0.002343046,0,0.002583358,0.013817963,0.000901172,0.106199611,0.032249096,0.025993884,0.01000834,0.005143175,0.008201279,0.010564359,0.020572699,0.013344454,0.006394217,0.00500417,0.012371421,0.086738949,0.011259383,0.013205449,0.016402558,0.005838198,0,0.015429525,0.097164304,0.001251043,0.157909369,0.033361134,0,0.054489853,0.064081179,0.000278009,0.000417014,0.00236308,0.009869336,0.000139005,0.000417014,0.00236308,0.00264109,0.021684737,0.011676397,0.000139005,0.028773978,0.006950236,0.012371421,0.010147345,0.000834028,0.000278009,0.021128718,0.002224076,0.005421184,0.011676397,0.015985544,0.00264109,0.006116208,0.004865165,0.005421184,0
RT26,0.858988091,0.055005986,0.017925777,0.017043665,0.000252032,0,0.05078445,0.40892435,0.003014184,0.001122931,0.237765957,0.011938534,0.002600473,0.003014184,0.001004728,0.036406619,0.03427896,0.003309693,0.000650118,0.001536643,0.002600473,0.001595745,0.002541371,0.002009456,0.000236407,5.91E-05,0.000531915,0.082683215,0.000177305,0.011761229,0.00212766,0.001654846,0.001536643,0.000413712,0.002186761,0.00927896,0.000472813,0.001891253,0.001654846,0.008274232,0.000118203,0.00035461,0.00035461,0.004255319,0.004078014,0.003309693,0.010224586,0.001477541,0.00070922,0.000650118,0.000413712,0,0.094799054,0.04366429,0.012945694,0.015469007,0.005046626,0.001755348,0.350191991,0.017114646,0.003620406,0.004717499,0.003949534,0.001097093,0.013933077,0.009325288,0.005814591,0.04805266,0.006143719,0.006692265,0.000658256,0.004059243,0.003400987,0.000219419,0.000109709,0.000987383,0.153483269,0.000329128,0.021393308,0.003949534,0.001755348,0.001316511,0,0.000767965,0.000219419,0.000438837,0.017004937,0.000219419,0.000877674,0.003510697,0.00296215,0.015359298,0.000658256,0.000658256,0.001755348,0.002413604,0.003949534,0.006143719,0.017224355,0.002523313,0.000987383,0.001206802,0.000767965,0,0.002194185,0.175863961,0.001097093,0.118938701,0.035986581,0.034156755,0.009149131,0.004574565,0.00579445,0.010673986,0.009454102,0.013113754,0.006709363,0.00304971,0.038426349,0.109484599,0.011588899,0.015553522,0.017078378,0.000609942,0,0.083562062,0.062519061,0.025312595,0.017993291,0.012503812,0.036901494,0.115279048,0.019518146,0.003354681,0.000304971,0.000914913,0.009149131,0.00304971,0.005489478,0.004879536,0.003659652,0,0.002134797,0,0,0.000609942,0.039951205,0.007319305,0.000609942,0,0.024702653,0.001829826,0.004879536,0.010978957,0.046660567,0.002439768,0.001524855,0.003354681,0.004269594,0
RT27,0.915379796,0.042439096,0.021726311,0.018704161,0.000386983,0.00016585,0.001197803,0.419855297,0.004031532,0.001655808,0.306792412,0.017889925,0.003995537,0.003635578,0.000647925,0.035851841,0.035995824,0.004319499,0.001115871,0.008171052,0.003455599,0.0017278,0.004895432,0.00370757,0,0.000107987,0.001871783,0.063856593,0.000179979,0.004607466,0.003635578,0.001151866,0.002015766,0.004607466,0.011266693,0.003923545,0.000575933,0.000143983,0.004103524,0.008890969,7.20E-05,0.00043195,0.000755912,0.005795328,0.005363378,0.004967424,0.007091177,0.002807674,0.000827904,0.000539937,0.001151866,0.000323962,0.001187862,0.049453751,0.016533139,0.016751639,0.007064822,0.002694829,0.494173343,0.030298616,0.003423161,0.008011653,0.004879825,0.000291333,0.002913328,0.012381646,0.006627822,0.054770575,0.007210488,0.006627822,0.011216315,0.004879825,0.005098325,0,0.0002185,0.003714494,0.129206118,0.000364166,0.008739985,0.007356154,0.001747997,0.000582666,0.008375819,0.000145666,0.008011653,0.002476329,0.00772032,0.0002185,0.001165331,0.000291333,0.007428988,0.017844137,0,0.001238165,0.002476329,0.002549162,0.006482156,0.010050983,0.011289148,0.005462491,0.001675164,0.001092498,0.001893664,0.000655499,0,0.002403496,0.00182083,0.131147541,0.044835078,0.037922181,0.013430772,0.005925341,0.010665613,0.014813352,0.008492988,0.021726249,0.006517875,0.000790045,0.007110409,0.117124235,0.014023306,0.018171045,0.016985977,0.015800909,0.000395023,0.019158602,0.083349793,0.006517875,0.014813352,0.017776022,0.000592534,0.01165317,0.005135295,0.000790045,0.126407268,0,0.005135295,0.000790045,0.016788465,0.004740273,0.001580091,0.022713806,0.000395023,0.001975114,0.024886431,0.021726249,0.007900454,0.011850681,0.000592534,0.002172625,0.031799328,0,0.006715386,0.017578511,0.029231681,0.007110409,0.003555204,0.00296267,0.003950227,0.001777602
RT28,0.40297861,0.381040377,0.065202578,0.015176014,0.000346484,0.002598633,0.132657304,0.128414679,0.001160991,0.000493231,0.081838463,0.004932313,0.001183755,0.001692163,0.000880228,0.012330784,0.00989498,0.000698112,0.000720877,0.000743641,0.000842287,0.000447702,0.00087264,0.00103958,0.001639046,0.002724155,0.015874461,0.338690585,0.006457537,0.088000061,0.030420992,0.009265161,0.000553937,0.016056577,0.016974747,0.003801675,0.001198932,0.003786499,0.000842287,0.014743823,0.001138226,0.004628786,0.001510047,0.002299217,0.001775633,0.001805986,0.003771323,0.002602744,0.000690524,0.002959388,0.003270503,0.003338797,0.170991926,0.009019554,0.002921828,0.003302935,0.00127036,0.00054444,0.077165283,0.004700331,0.000716846,0.001415544,0.001469988,0.000707772,0.00267683,0.0018148,0.00086203,0.008538633,0.00131573,0.001297582,0.000399256,0.000780364,0.000834808,0.00190554,0.003239417,0.016478381,0.405008847,0.007694751,0.104931718,0.036359512,0.007658455,0.003321083,0.015053763,0.003847375,0.008075859,0.0022685,0.003393675,0.000871104,0.001433692,0.004527925,0.000970918,0.017440225,0.005380881,0.000653328,0.00036296,0.001052584,0.000970918,0.002159612,0.003148677,0.001787578,0.000798512,0.003529785,0.003865523,0.003992559,0.00140647,0.204473481,0.00018148,0.013049441,0.004274358,0.00404799,0.001251681,0.000732367,0.00087884,0.001105208,0.000945419,0.002077258,0.001304944,0.001038629,0.003901517,0.00994687,0.001358207,0.001784311,0.00185089,0.000412788,0.004607252,0.004673831,0.067244571,0.029813979,0.013688598,0.03511365,0.129961784,0.066205941,0.001544628,0.006045353,0.13333067,0.010998815,0.032104289,0.046498622,0.002050627,0.011238499,0.004873567,0.02209084,0.005645881,0.002969414,0.002503362,0.011851023,0.002503362,0.00131826,0.001278313,0.001770996,0.003528675,0.007896244,0.00053263,0.001424786,0.004314305,0.000372841,0.000772314,0.005179829,0.268299178,0.005792354
RT29,0.673844822,0.205497241,0.104263608,0.013743101,0.000595174,0.001352667,0.000703387,0.263602004,0.002724796,0.00079107,0.169025226,0.009844423,0.001933726,0.005449591,0.001933726,0.023556298,0.01854619,0.000966863,0.00079107,0.000966863,0.001845829,0.000878966,0.001933726,0.010547596,0.000175793,0.000351587,0.002549002,0.263162521,0.001142656,0.010899183,0.019337259,0.015645601,0.000966863,0.017579327,0.020831502,0.008174387,0.002549002,0.002461106,0.001494243,0.095807331,0.00052738,0.000615276,0.000175793,0.002724796,0.003252175,0.002285312,0.002812692,0.001670036,0.000878966,0.003252175,0.000439483,0.002197416,0.000703173,0.028807123,0.007463664,0.007070839,0.00353542,0.001047532,0.197721618,0.012963205,0.001178473,0.002880712,0.007332722,0.002749771,0.00798743,0.00445201,0.002356946,0.021343459,0.002226005,0.002095064,0.000785649,0.001964122,0.002095064,0.000261883,0.000392824,0.003404478,0.392038759,0.001702239,0.016236742,0.028807123,0.021212518,0.002095064,0.019379337,0.00091659,0.002095064,0.003928244,0.011522849,0.000392824,0.003797303,0.003666361,0.001964122,0.142464318,0,0.000261883,0.001047532,0.000392824,0.002095064,0.003404478,0.00353542,0.002356946,0.00091659,0.004844834,0.000261883,0.003273537,0.001440356,0.001047532,0.000785649,0.051588249,0.013613566,0.008836876,0.003821352,0.001671841,0.001671841,0.005970862,0.001910676,0.005254359,0.012180559,0.005015524,0.014091235,0.028660139,0.004060186,0.003582517,0.003582517,0.000716503,0.000238834,0.08621925,0.141628851,0.03033198,0.102221161,0.037974684,0.081920229,0.058753284,0.028898973,0.006209697,0.025077621,0.003104848,0.005254359,0.043229042,0.004537855,0.038691187,0.003821352,0.035347504,0.001671841,0.0207786,0.012419393,0.003821352,0.008120373,0.004060186,0.000716503,0.006209697,0.012180559,0,0.001910676,0.003821352,0.006209697,0.001671841,0.000477669,0.008836876,0.001433007,0.005970862
RT30,0.740104926,0.079830953,0.09230545,0.085048091,0.00043719,0,0.00227339,0.328798989,0.002225032,0.001314791,0.178912769,0.015828066,0.004197219,0.002022756,0.00182048,0.029835651,0.024475348,0.000758534,0.000303413,0.001618205,0.002477876,0.001112516,0.00182048,0.003185841,0.000303413,5.06E-05,0.00091024,0.097446271,0.000101138,0.019620733,0.011681416,0.000202276,0.001466498,0.04505689,0.035954488,0.009001264,0.006675095,0.009304678,0.000657396,0.016384324,0.000505689,0.000353982,0.003337547,0.005613148,0.003489254,0.00323641,0.00369153,0.002983565,0.091833123,0.025486726,0.000353982,0,0.003590392,0.030476511,0.011618118,0.012965146,0.00336757,0.001852164,0.237161138,0.02155245,0.003115003,0.006987708,0.002357299,0.002020542,0.008166358,0.009429197,0.004209463,0.027698266,0.005472302,0.003956895,0.001599596,0.003030813,0.002188921,0.000505136,8.42E-05,0.001515407,0.162232699,0.000168379,0.032328675,0.019447718,0.000252568,8.42E-05,0.058174777,0.007324465,0.005977437,0.009345008,0.014143795,0.000252568,0.011112982,0.015490823,0.001010271,0.026435427,0.000336757,0.005135545,0.001936353,0.003115003,0.003199192,0.005388112,0.005219734,0.003872706,0.152803502,0.042431386,0.000589325,0,0.003199192,0.005977437,0.001683785,0.061398919,0.024071167,0.022326879,0.004709576,0.003663004,0.004884005,0.007151579,0.006105006,0.014477586,0.003488575,0.00418629,0.016570731,0.046223618,0.005058434,0.010465725,0.008198151,0.001918716,0,0.020408163,0.048840049,0.042386185,0.026862027,0.012733298,0,0.029129601,0.06261992,0.00418629,0.023373452,0,0.01255887,0.032094889,0.004535147,0.000523286,0.000174429,0.120530263,0.015175301,0.017966161,0.035409035,0.012384441,0.015698587,0.00837258,0.000523286,0.021280307,0.013779871,0.000697715,0.004011861,0.006628292,0.00976801,0.000872144,0.052503053,0.087912088,0.01116344,0
RT31,0.853207882,0.073123338,0.032692439,0.037567328,0.000306811,3.41E-05,0.003068112,0.386346104,0.003857033,0.001542813,0.238300334,0.027384932,0.009064027,0.004949859,0.001864232,0.032270507,0.031691952,0.001349961,0.001607097,0.004821291,0.001671381,0.001349961,0.002764207,0.002442787,0.000128568,0.000449987,0.00546413,0.099254307,0,0.014978143,0.005592697,0.004242736,0.002892774,0.008999743,0.016263821,0.007971201,0.001928516,0.00115711,0.002635639,0.010156853,0.000514271,0.000385703,0.0019928,0.010928259,0.006364104,0.006556956,0.012149653,0.004435588,0.004049884,0.01144253,0.001414245,0,0.004371304,0.043363995,0.013140604,0.015410345,0.006092462,0.002389201,0.349420619,0.041333174,0.006092462,0.016843866,0.005853542,0.003344881,0.006570302,0.009437343,0.005973002,0.044319675,0.006450842,0.005017322,0.005495162,0.002269741,0.003344881,0,0.00047784,0.006809222,0.184446303,0,0.026161749,0.010393024,0.003822721,0.004061641,0.013260065,0.00095568,0.006689762,0.003105961,0.014454665,0.00035838,0.003583801,0.002150281,0.004658942,0.018635766,0.00011946,0.003344881,0.006809222,0.007645443,0.006689762,0.012184924,0.018157926,0.007764903,0.007525983,0.021263887,0.002508661,0,0.00071676,0.008123283,0.00095568,0.087714988,0.026781327,0.027272727,0.01007371,0.004176904,0.005651106,0.00982801,0.012039312,0.034643735,0.009090909,0.006879607,0.013513514,0.076167076,0.00982801,0.011793612,0.009336609,0.006879607,0,0.041769042,0.115479115,0.022604423,0.065110565,0.009090909,0.016953317,0.025552826,0.027518428,0.000982801,0.001474201,0,0.010810811,0.011547912,0.004914005,0.007862408,0.008353808,0.027272727,0.001965602,0.030712531,0.000737101,0.013759214,0.017690418,0.010565111,0.000737101,0.007371007,0.021621622,0.0002457,0.014004914,0.013759214,0.034643735,0.005159705,0.009336609,0.043734644,0.014987715,0
RT32,0.923173836,0.021931967,0.020929216,0.028102743,0.001285578,0.004088139,0.00048852,0.446707434,0.004043059,0.001010765,0.283367868,0.023197049,0.00313337,0.004346288,0.003335523,0.038156365,0.041896194,0.002072068,0.001212918,0.005761358,0.004548441,0.004144135,0.00313337,0.002526912,0,0.000101076,0.001111841,0.013645323,0.000606459,0.01399909,0.008642038,0.001313994,0.001566685,0.004144135,0.002779603,0.008540961,0.006216203,0.001010765,0.002223682,0.007883964,0.000101076,0.000303229,0.000404306,0.003891444,0.005811897,0.00399252,0.006317279,0.002072068,0.015212008,0.006620508,0.000555921,0.007934502,0.000404306,0.055705956,0.017180342,0.019575177,0.007080383,0.001770096,0.463660975,0.041024573,0.004789671,0.00635152,0.007705123,0.005726781,0.010828821,0.012911287,0.005622657,0.063411079,0.009371095,0.009683465,0.003852561,0.007913369,0.004477301,0,0.000208247,0.002290712,0.028113286,0.001249479,0.028633903,0.017805081,0.002082466,0.00062474,0.006872137,0.001041233,0.000208247,0.001457726,0.017284465,0.000104123,0.012807164,0.002082466,0.004581424,0.016034985,0,0.000728863,0.002707205,0.00062474,0.006455643,0.008225739,0.010828821,0.003852561,0.031341108,0.01364015,0.001041233,0.016347355,0.000104123,0.000832986,0.001145356,0.146749929,0.046267386,0.0422935,0.013624752,0.004825433,0.013908601,0.015327846,0.012205507,0.017314789,0.01703094,0.015611695,0.029520295,0.142208345,0.01419245,0.022991768,0.024978711,0.00283849,0,0.000567698,0.026114107,0.001135396,0.020153278,0.002554641,0,0.010218564,0,0,0.003122339,0.003406188,0.015327846,0.017882487,0.022991768,0.00567698,0.001703094,0.018734033,0.00283849,0.001703094,0,0.000567698,0.034061879,0.012773205,0.000283849,0.03377803,0.029520295,0,0.007380074,0.017598638,0.025546409,0.001419245,0.018166336,0.037184218,0.001135396,0.044564292
RT33,0.89379156,0.011093158,0.062364054,0.027624138,0.000248586,0,0.004878504,0.443026152,0.004109589,0.00124533,0.251681196,0.017808219,0.002366127,0.008530511,0.004420922,0.036176837,0.031382316,0.00249066,0.000747198,0.005354919,0.002988792,0.005354919,0.005417186,0.007098381,0,0.000933998,0.002179328,0.013636364,0,0.000622665,0.000373599,6.23E-05,0.001867995,0.000311333,0.001307597,0.007596513,0.000373599,0,0.001556663,0.101743462,0,0.000373599,0.000373599,0.003611457,0.014072229,0.003113325,0.004296389,0.001058531,0.000498132,6.23E-05,0.000498132,0,0.009277709,0.058130602,0.016389245,0.017797695,0.007426376,0.002304738,0.412035851,0.028681178,0.004865557,0.004737516,0.013444302,0.004865557,0.012548015,0.014212548,0.004993598,0.047119078,0.006786172,0.007298335,0.007426376,0.005505762,0.007810499,0,0.000384123,0.004481434,0.028040973,0,0.00128041,0.000768246,0,0.000128041,0.000128041,0.000512164,0.001792574,0,0.014340589,0.00128041,0.000768246,0,0.003072983,0.208962868,0.000640205,0.000768246,0.002176697,0.00128041,0.006402049,0.006402049,0.007682458,0.002048656,0.000896287,0.000128041,0.000896287,0,0.000128041,0.019078105,0.001152369,0.208770257,0.061010486,0.052907531,0.017159199,0.008102955,0.017635844,0.019065777,0.01620591,0.017635844,0.044327931,0.018112488,0.046234509,0.142516683,0.016682555,0.022402288,0.026215443,0.005243089,0,0.021925643,0.002383222,0.002859867,0.002859867,0.034318398,0.004766444,0.006673022,0.001429933,0.001906578,0.003336511,0,0.001429933,0,0.000953289,0,0.000476644,0.000476644,0.001906578,0.001429933,0,0.006673022,0.040514776,0.012869399,0.004766444,0.001429933,0.035748332,0.002383222,0.008102955,0.023832221,0.025738799,0.003813155,0.002859867,0.000476644,0.001429933,0
RT34,0.902835863,0.011231927,0.05082248,0.023957462,0.00045804,0.002708408,0.007985821,0.45436863,0.003462227,0.001556057,0.233992064,0.026025053,0.005485101,0.006263129,0.001945071,0.032638295,0.031665759,0.001478254,0.001011437,0.019800825,0.003073212,0.001128141,0.003773438,0.004707072,3.89E-05,0.000350113,0.001594958,0.01065899,0.000427916,0.001283747,0.001439353,0.000583521,0.002956508,0.000155606,0.000233409,0.006068622,0.000155606,0.000155606,0.013265386,0.069439041,0.000311211,0.001011437,0.001244846,0.004512565,0.00381234,0.006846651,0.016766514,0.00245079,0.000505719,0.00054462,0.00054462,0.005290594,0.014977048,0.057985099,0.015468092,0.018626498,0.006316812,0.002672498,0.386135407,0.045999352,0.004778102,0.011337868,0.010609006,0.003077421,0.010366051,0.010447036,0.004940071,0.049319728,0.006640752,0.006640752,0.016520894,0.00526401,0.005992873,8.10E-05,0.000728863,0.003320376,0.022189828,0.000890833,0.002591513,0.002996437,0.000242954,0.000971817,0,8.10E-05,0,0.000242954,0.012228701,0.000404924,0.000323939,0.000323939,0.025753158,0.14399093,0.000890833,0.002186589,0.002834467,0.00170068,0.004373178,0.01425332,0.025753158,0.004778102,0.000890833,0.001133787,0.000971817,0.011013929,0,0.031179138,0.001538711,0.173630223,0.047785839,0.045283963,0.014260696,0.007505629,0.014010508,0.010007506,0.01376032,0.03502627,0.02651989,0.00950713,0.032024018,0.118588942,0.014010508,0.019764824,0.019764824,0.014761071,0.001501126,0.011758819,0.000250188,0.009757318,0.001751313,0.003002252,0,0.039029272,0,0.001000751,0.000250188,0.002752064,0.003002252,0.00425319,0.002752064,0.000750563,0.003002252,0,0.000250188,0.000250188,0.000250188,0,0.025769327,0.008756567,0.001250938,0.000250188,0.037277958,0.002752064,0.008756567,0.013510133,0.071553665,0.003002252,0.002752064,0.003502627,0.085063798,0.034025519
RT35,0.93128925,0.03874215,0.013852974,0.0124215,0.000415589,0,0.003278537,0.476038937,0.006177462,0.001591164,0.257487832,0.038094347,0.003650318,0.006177462,0.000280794,0.031916885,0.03528641,0.002339948,0.000561587,0.003650318,0.003837514,0.00177836,0.002901535,0.002339948,0.000374392,9.36E-05,0.000935979,0.061868214,9.36E-05,0.004586297,0.002059154,0.002714339,0.003650318,0.003837514,0.005615874,0.005428678,0.000561587,0.00046799,0.001029577,0.00580307,0.000187196,0.000280794,0.000655185,0.003650318,0.003088731,0.004492699,0.005709472,0.001216773,0.000280794,0.000561587,0.00046799,0,0.006177462,0.05765011,0.021145023,0.027727907,0.010771993,0.003191702,0.451027329,0.068621584,0.006582885,0.007779773,0.003790146,0,0.00299222,0.012168362,0.004189108,0.054657889,0.006981847,0.007979254,0.001994813,0.005186515,0.005585478,0.000797925,0.000199481,0.001994813,0.131857171,0.000199481,0.009774586,0.00438859,0.003590664,0.002194295,0.007181329,0.000997407,0,0.000598444,0.011370437,0.000199481,0.001196888,0.000997407,0.002194295,0.012367844,0.000199481,0.001196888,0.002593258,0.000797925,0.002792739,0.009575105,0.009974067,0.002393776,0.000398963,0.001196888,0.000997407,0,0.000199481,0.013165769,0.002393776,0.140271493,0.053293112,0.059326295,0.017094017,0.007038713,0.011060835,0.017596782,0.015585721,0.019607843,0.004524887,0,0.007038713,0.111111111,0.012066365,0.016591252,0.020110608,0.003016591,0,0.025641026,0.022624434,0.010558069,0.080945199,0.002513826,0.004524887,0.134238311,0.006033183,0.00100553,0.006033183,0,0.005530417,0.002513826,0.003519356,0.009049774,0.005530417,0.018099548,0.002513826,0.000502765,0.019607843,0,0.010055304,0.018099548,0.000502765,0.00100553,0.024635495,0.000502765,0.006535948,0.007038713,0.022121669,0.00100553,0.00100553,0.003016591,0.028154852,0
RT36,0.920383836,0.030430679,0.017671118,0.028927498,0.000734112,5.24E-05,0.001800322,0.451185372,0.004004394,0.002019916,0.255607924,0.044792516,0.005351005,0.004784011,0.000531557,0.035791488,0.0346575,0.001700982,0.001275736,0.007335483,0.003331089,0.001736419,0.003295652,0.005351005,7.09E-05,0.000744179,0.002019916,0.047273114,0.005811687,0.000673305,3.54E-05,0.001630107,0.001488359,0.000708742,0.000425245,0.005811687,3.54E-05,0.000212623,0.003012155,0.010879195,7.09E-05,0.004713137,0.003862646,0.012615614,0.00528013,0.010772884,0.012154931,0.002480598,0.000354371,0.000354371,0.000815054,0.000106311,0.002834969,0.068827709,0.018058022,0.023534636,0.007844879,0.003626406,0.411042037,0.038410302,0.043294849,0.011175252,0.005772647,0.00044405,0.009695086,0.010435169,0.007030787,0.055432208,0.005698638,0.007696862,0.009621078,0.005106572,0.005254589,0.000148017,0.001332149,0.003922439,0.098727057,0.012137359,0.000962108,7.40E-05,7.40E-05,0.003330373,7.40E-05,0.001406157,7.40E-05,7.40E-05,0.011545293,0.000592066,7.40E-05,0.00044405,0.006216696,0.02249852,0.007030787,0.007992895,0.010139136,0.001850207,0.006290705,0.02249852,0.018576081,0.003848431,0.000592066,0.000666075,0.001702191,0.000222025,0.000148017,0.005920663,0.000814091,0.151356818,0.041125906,0.043822687,0.012135513,0.008258891,0.010112928,0.00977583,0.090679252,0.025450868,0.00556211,0.001011293,0.022079892,0.099106691,0.013652452,0.011966964,0.017023428,0.007247598,0.002022586,0,0.000674195,0.00556211,0.002191134,0.000674195,0.002022586,0.20832631,0,0.000337098,0.001179842,0.027304905,0.000505646,0,0,0.000168549,0.007584696,0.000168549,0.003202427,0,0.000168549,0.000168549,0.012135513,0.01398955,0.00134839,0,0.031012978,0.016012136,0.023091185,0.014326648,0.039946064,0.002022586,0.000842744,0.001516939,0.010618574,0.000505646
RT37,0.79269073,0.170348903,0.018969476,0.013399074,0.000376378,0.000489292,0.003726147,0.407892959,0.002973375,0.001081227,0.155967023,0.011825922,0.00756859,0.002230031,0.000675767,0.01986755,0.025408839,0.001148804,0.000473037,0.001283957,0.002297608,0.001419111,0.002432761,0.001959724,0.002905798,6.76E-05,0.00101365,0.282403027,0.001148804,0.005541289,0.003851872,0.005541289,0.000675767,0.004933099,0.004730369,0.004460062,0.000675767,0.000878497,0.001351534,0.006825247,0.00081092,0.002770645,0.000473037,0.003378835,0.002027301,0.003716718,0.004189755,0.00101365,0.000540614,6.76E-05,0.00040546,0.00081092,0.006284633,0.044175745,0.013528074,0.015323836,0.005028134,0.001676045,0.218005507,0.014006944,0.005028134,0.013408356,0.002873219,0.000239435,0.002633784,0.006704178,0.002394349,0.033760326,0.004070394,0.005387286,0.001197175,0.003112654,0.002992937,0.005147851,0,0.001795762,0.500299294,0.002035197,0.009577397,0.006823896,0.00095774,0.008859093,0.003232372,0.005147851,0.000239435,0.002154914,0.006584461,0.001197175,0.001197175,0.001556327,0.002154914,0.012091464,0,0.000718305,0.001197175,0.00047887,0.002394349,0.006584461,0.005387286,0.001197175,0.000718305,0.000119717,0.000359152,0.00143661,0.000838022,0.011133724,0.000838022,0.065885798,0.02068082,0.019216691,0.004575403,0.002379209,0.003660322,0.004575403,0.00750366,0.020497804,0.001830161,0.000366032,0.004026354,0.04227672,0.005490483,0.004941435,0.007869693,0.000732064,0,0.00420937,0.006222548,0.000915081,0.069912152,0.554538799,0.000366032,0.010980966,0.007137628,0.000366032,0.025073206,0.002745242,0.002562225,0.009150805,0.000183016,0.001464129,0.013543192,0.004941435,0.007869693,0.000732064,0,0.000366032,0.00420937,0.005490483,0.001830161,0.001830161,0.013360176,0,0.001830161,0.003660322,0.007869693,0.000732064,0.000549048,0.000183016,0.016471449,0.002196193
RT38,0.957572596,0.01051991,0.014171448,0.015823335,0.000434707,8.69E-05,0.001391062,0.43540096,0.003427005,0.001199452,0.291466758,0.062028787,0.002056203,0.002570254,0.000856751,0.037183002,0.035298149,0.003427005,0.001028101,0.002056203,0.002741604,0.001542152,0.043694311,0.005825908,0,0.0003427,0.009595613,0.008396162,0,0.000685401,0.00017135,0,0.000514051,0.00017135,0.006168609,0.002912954,0.000856751,0,0.001713502,0.009424263,0.00017135,0.000514051,0.0003427,0.002912954,0.004455106,0.004797807,0.008738862,0.001884853,0.000685401,0,0.000514051,0,0.002227553,0.068005638,0.017970402,0.021141649,0.006342495,0.002466526,0.470049331,0.108174771,0.005990134,0.00422833,0.003171247,0.000704722,0.002114165,0.015151515,0.006694856,0.055320648,0.006694856,0.007047216,0.002114165,0.00422833,0.065186751,0,0.000352361,0.019732206,0.01726568,0,0.001409443,0.000352361,0,0,0.000352361,0,0.00880902,0.001409443,0.005990134,0,0.001761804,0,0.003523608,0.019379845,0,0.000704722,0.001761804,0.000704722,0.006342495,0.009866103,0.015503876,0.003875969,0.001409443,0,0.001057082,0,0,0.004580691,0.001057082,0.2436751,0.067909454,0.058588549,0.017310253,0.009320905,0.018641811,0.025299601,0.021304927,0.015978695,0.00665779,0.002663116,0.007989348,0.171770972,0.007989348,0.022636485,0.026631158,0.00665779,0,0.018641811,0.00665779,0,0.00665779,0.011984021,0.002663116,0.005326232,0,0,0,0,0.002663116,0.001331558,0,0,0,0.001331558,0,0.001331558,0.005326232,0.033288948,0.007989348,0.014647137,0,0.00665779,0.037283622,0,0.00665779,0.023968043,0.054593875,0.003994674,0.002663116,0,0.013315579,0
RT39,0.433312005,0.224289929,0.10858128,0.019942412,0.00035548,0.171127937,0.042390957,0.144639969,0.001375914,0.000748304,0.086465349,0.009896927,0.004320854,0.001013832,0.000555193,0.010934898,0.011007314,0.000772443,0.00041036,0.00251044,0.001110387,0.000482777,0.001231081,0.001013832,0.001086248,0.002124219,0.003862215,0.211021797,0.010765926,0.01025901,0.03097014,0.024597485,0.001496608,0.041036039,0.019600743,0.005938156,0.000724165,0.010524537,0.001206942,0.00837618,0.001544886,0.022642238,0.00251044,0.003500133,0.00188283,0.005986434,0.003282883,0.001931108,0.002462162,0.002631134,0.000893137,0.232408816,0.056243513,0.009451965,0.002951875,0.002683523,0.001490846,0.000834874,0.085008051,0.010346473,0.001043592,0.005247779,0.000685789,2.98E-05,0.001133043,0.002146819,0.000954142,0.009660683,0.001610114,0.001431212,0.001818832,0.001103226,0.001133043,0.00116286,0.002474805,0.004204186,0.26065955,0.013298348,0.012463474,0.038165663,0.007424414,0.022839764,0.041833144,0.008110203,0.000536705,0.003518397,0.006440456,0.000566522,0.000894508,0.013000179,0.001461029,0.010107937,0.027610472,0.002176635,0.000715606,0.001013775,0.001431212,0.007394597,0.003250045,0.001699565,0.003041326,0.003011509,0.00077524,0.287077345,0.001192677,0.069473433,0.000208718,0.012180653,0.003875662,0.002966068,0.00146326,0.001107332,0.001384165,0.001344618,0.001225975,0.006960373,0.000672309,3.95E-05,0.001225975,0.010796488,0.000790952,0.001937831,0.001779641,0.00146326,0.000949142,0.006248517,0.007276754,0.002412402,0.038321601,0.06671676,0.054140631,0.083880408,0.000395476,0.000474571,0.000949142,0.017480028,0.004033853,0.007949063,0.012576129,0.009847346,0.030293443,0.055485249,0.010756941,0.001740093,0.010203275,0.000711856,0.001621451,0.001028237,0.000751404,0.000553666,0.002649688,0.036621055,0.000949142,0.001898284,0.004033853,0.000276833,0.002531045,0.003994305,0.088349284,0.380684964
RT40,0.833429961,0.082175897,0.036374178,0.036222934,0.000428525,0.010057725,0.001310781,0.406070511,0.003222041,0.001587672,0.218304926,0.012000934,0.002661686,0.004529535,0.001027317,0.02783096,0.028064441,0.000513659,0.000653747,0.001307495,0.002148027,0.001400887,0.001914546,0.002521597,0,9.34E-05,0.117207565,0.01900537,9.34E-05,0.003175344,0.001214102,0.005790334,0.002101331,0.010833528,0.02708382,0.003782396,0.002848471,0.000513659,0.001681065,0.008732197,0.00112071,0.000186785,0.000700444,0.008685501,0.004202662,0.002941863,0.007518095,0.00186785,0.02334812,0.00845202,0.000933925,0.0186318,0.00149428,0.045559914,0.013819544,0.015156919,0.005706134,0.002763909,0.323555635,0.016494294,0.004814551,0.005082026,0.004814551,0.000356633,0.0021398,0.01132311,0.003922967,0.038159772,0.006954351,0.005973609,0.001515692,0.003566334,0.00267475,0,0.000178317,0.222806705,0.036287447,0.000178317,0.005795292,0.002318117,0.001783167,0.00918331,0.018812411,0.000445792,0.014800285,0.002318117,0.007221826,0,0.005438659,0.000980742,0.003031384,0.016583452,0.000178317,0.001248217,0.004368759,0.006062767,0.004636234,0.005616976,0.011233951,0.002585592,0.043955064,0.01613766,0.001694009,0.03557418,0.000980742,0.002853067,0.000356633,0.123481279,0.038432928,0.028266799,0.012397719,0.006942723,0.008182494,0.012149764,0.012645673,0.014133399,0.005454996,0.000991818,0.005950905,0.086536077,0.010414084,0.017604761,0.01586908,0.001983635,0,0.005702951,0.022067939,0.002231589,0.032234069,0.011653856,0.004463179,0.007190677,0,0.000991818,0.003471361,0.000495909,0.004463179,0.004215224,0.000495909,0.004959088,0.025539301,0.052318373,0.001239772,0.074882222,0.002479544,0.041160426,0.005454996,0.010414084,0,0.014381354,0.030498388,0.000495909,0.012149764,0.012893628,0.029010662,0.001735681,0.028762708,0.044879742,0.006694768,0.098933796
RT20,0.778245939,0.158235998,0.032047082,0.019564874,0.000576102,5.65E-05,0.011273524,0.360768586,0.003751147,0.001017598,0.1833473,0.017378986,0.00171595,0.001616186,0.000937787,0.026876571,0.022387166,0.001177222,0.001476515,0.002035197,0.002015244,0.000877928,0.002294585,0.001995291,0.000937787,0.001356798,0.003052795,0.25757213,0.004509358,0.007641965,9.98E-05,0.000259388,0.002593878,0.008080929,0.012889581,0.004649028,0.000119717,7.98E-05,0.00281336,0.011532783,0.001257033,0.000219482,0.001356798,0.00582625,0.003531665,0.004988228,0.005287521,0.004429546,0.000498823,0.002793408,0.000917834,5.99E-05,0.018975218,0.036520969,0.011889756,0.011276531,0.005791572,0.001669335,0.246141791,0.026300548,0.001907812,0.002929854,0.001396791,0.000136272,0.002555105,0.007290567,0.003236466,0.027663271,0.004122236,0.003815624,0.001703403,0.002759514,0.00299799,0.001498995,0.002316629,0.004633257,0.43978469,0.007699383,0.0121623,0.00017034,0.000408817,3.41E-05,0.00987974,0.003917828,0.000442885,0.002146288,0.007086158,0.000783566,0.000204408,0.000136272,0.004394781,0.019384731,6.81E-05,0.002044084,0.002282561,0.003985964,0.003032058,0.008517017,0.007494975,0.007018022,0.000613225,0.004701393,0.001430859,0.000102204,0.006234456,0.032398733,0.00088577,0.060383001,0.020070159,0.014951981,0.006843407,0.002645351,0.004543102,0.005233193,0.002990396,0.004945655,0.001380183,0.00023003,0.004313071,0.036632354,0.005865777,0.006613376,0.006325838,0.001495198,0.003162919,0.082753465,0.291736155,0.004140549,0.007303468,0.014951981,0.005923285,0.245442521,0.00120766,0.000402553,0.000632584,0.012939214,0.002932889,0.00023003,5.75E-05,0.000690091,5.75E-05,0.01667721,0.006613376,0.000345046,5.75E-05,0.000747599,0.004255564,0.005693254,0.001322675,0.000287538,0.019495083,0.000115015,0.003853011,0.005118178,0.012134108,0.003220427,0.000690091,0.007936052,0.051239289,0.000172523
