gene,ALDH1L1,ARHGAP45,ARHGAP9,ASRGL1,ATOH1,ATP2A3,B3GALT5,BCL6,C15orf48,C1orf115,CA12,CAPN5,CASP5,CCDC68,CD24,CHGA,CREB3L1,CSF3R,CYTH4,DISP2,EDN3,EGLN3,FAM157A,FAM157B,FAM46C,FER1L6,FMNL1,G0S2,HEPACAM2,HGD,HOXB13,HOXD13,IFI44L,IL18,ITGAX,ITLN1,ITM2C,KRT19,LCP2,LGALS3,LOC100132062,LOC101928152,LOC101928465,LOC105369526,LOC107987348,LOC112268313,LOC112268321,LOC400499,LOC729737,LOC729966,LRRC26,LRRK2,LYPD8,MAOA,MCU,MEFV,MMP25,MMP28,MUC1,MX2,MYO1F,MYO1G,MYOCD,NEURL1,NLRP1,PIK3R5,PKIB,PLA2G2A,PLAC8,PLEK,POU2F2,PSTPIP1,PYY,REP15,RHOC,RIMKLA,RIMS3,RIPOR2,RNF186,SCX,SDSL,SELL,SESN2,SH2D3C,SH3TC1,SPINK1,SPINK5,SRI,SULT1A4,TAGAP,TCEA3,TFF3,TNFSF13,TPD52,TPH1,TRAF1,TTC22,VAV1,WFDC2,XDH,ZBTB7C
RT1,-2.5845433,0.56468806,0.23468661,1.25910103,-0.49897261,-0.54112579,-0.7958183,-0.76510395,0.37088949,-1.39875035,-1.21422568,0.29656282,0.20983841,0.75184016,0.13147535,-1.04606087,-0.39749331,-0.96075041,-0.11535608,-0.19693187,-0.02405606,0.91867211,-0.48675766,-0.51203196,0.33834807,-1.74496397,-0.23126997,-1.4981315,-0.51532434,0.14581088,0.94095911,-1.71111579,0.84986885,-0.59739897,-0.8280076,-3.8030275,-0.29729146,-0.09223528,-0.32442131,0.22559822,-0.14792315,0.0138556,-0.33167293,1.67553736,0.46631649,1.66929983,-0.18021746,-0.68876615,-1.17568936,0.05186755,-0.03235108,-0.78763974,-1.96928617,-0.22143713,-0.13698151,-0.70098757,-0.35380216,-1.07382706,0.38972293,-0.55700869,-0.3162793,0.01977253,-0.94240314,-1.07761782,-0.24142173,-0.2594216,-0.82456435,0.56563771,-1.24591223,-0.78863908,-0.46248226,0.1769743,-1.191315,-1.033633,-0.08625671,-0.4075057,0.413657,-0.6142317,-0.556729,0.1314672,-0.5968273,-0.8662025,-0.08472307,-0.4196856,-0.5312663,0.709973,-1.688376,0.2255681,0.267697,-0.4996421,0.4171631,0.4331314,0.3867644,0.4884245,-0.6944066,0.02996081,0.1114287,-0.2427106,-0.4768494,0.6688071,0.8301093
RT2,1.39824878,-0.82320999,-1.41820298,1.73818894,3.1843358,1.06159246,1.37302205,-0.2975723,1.25427465,1.47400686,0.77253997,0.25463128,0.51831125,0.70641339,0.93464364,-1.45152598,1.16084268,-0.85276177,-1.00537888,0.54254072,-0.18228006,1.05220351,-0.79228895,-0.18504182,0.52474209,2.20266867,-0.95540857,-0.67145293,-1.41326593,1.10365061,1.46446989,-1.93425934,-0.36916848,0.62153989,-0.76630564,1.73036199,1.11670605,0.33161829,-0.4901154,0.90048033,-0.09270584,-0.38404376,0.05178781,2.93635406,0.72979779,-0.65762628,-0.55226658,-0.98986773,-0.35273176,0.72303582,2.35777717,-0.78763974,2.37850729,1.57228408,1.11652137,-0.28572335,-0.89344778,0.84926841,1.25028333,-0.13499703,-0.93675353,-0.58004271,0.66435201,1.81208125,-1.099066,-1.06120263,-0.22812172,-0.66910676,1.31979052,-0.47166064,-1.3787643,-1.189379,-1.191315,1.822337,0.7180993,0.4903893,1.216523,-0.4895897,1.813807,-0.6202164,0.3991308,-0.7791911,0.3838698,-0.5157269,-0.4552,1.53443,0.9889024,1.398904,1.066181,-0.498136,1.269691,2.247014,0.9516975,0.9127987,0.4340587,-0.3868552,0.5985409,-1.361526,4.188553,1.014316,2.050486
RT3,1.11263496,-0.081842113,0.313149102,-0.001183336,1.320185838,1.322712518,2.192106168,-1.116945136,0.963201048,1.396787309,1.164456394,0.900356074,1.061919525,1.519478083,-0.114290886,2.224774689,0.559415758,-1.507294118,-0.843323021,1.360366661,2.632274572,0.68548955,-0.160910535,-0.159664538,1.082825243,3.196615946,-0.369608211,-2.240068847,3.295445753,1.130420851,2.115766012,2.184785961,-0.283646308,0.290098643,-1.556271653,3.670043296,1.493567237,0.954124417,-1.307248562,0.922819163,0.390852634,-0.921215249,-0.606833497,1.377317779,1.157535913,-1.163996807,-0.484213113,-0.411144413,-0.252713876,-0.250413322,1.719590621,-0.928488766,3.357601461,1.288026161,0.168672802,-0.561498893,-1.0117694,2.057079993,1.171768935,-0.670883601,-0.887181484,-0.399372682,-0.082797403,1.318385508,-0.302221924,-0.547103677,3.117726823,1.800051536,1.772070029,-1.83460764,-0.209538233,-0.1174171,3.362562,1.9686,0.5178114,0.7945638,0.08884978,-0.406945,0.2402149,0.1804167,0.07170228,-0.8969741,0.5970818,-0.897223,-0.9315986,-0.6848399,1.915144,1.392719,0.4261249,0.2871119,0.8825724,0.3045507,0.4409078,0.4829774,1.580527,-0.4578069,0.8105616,-0.3480712,1.181379,1.55123,1.409597
RT4,-2.29686122,-0.40973521,-0.33023444,-0.46556704,-3.38934436,-1.16818178,-1.4384132,0.9779388,-0.73591957,0.0957576,-0.60375316,-0.7795133,-1.23708058,-0.78096999,0.3010525,-1.85699109,-0.37058586,1.08524433,-0.19857651,-1.07399138,-0.90441478,-1.31044583,0.39756079,0.28791815,-0.70379752,-1.87849537,-0.04038291,1.56992143,-2.01940174,-1.15347211,-3.19687057,-0.54796498,1.41211969,-0.49971413,0.27127463,-2.70441521,-0.64368285,-0.33348859,0.65228268,-0.27491655,-0.27652402,0.66741923,0.04473726,-2.29475456,0.24921504,-0.61309444,-0.67181173,0.33715433,0.35514554,-0.83233487,-0.9380597,0.57089889,-2.45479398,-0.89273348,-0.16145649,0.18406046,1.02195703,-1.02253376,-1.16640654,0.77163943,-0.03656705,-0.14530722,0.37575736,-1.05699854,-0.20015039,-0.06613102,-1.2407697,-2.00661095,-0.82704371,1.04372614,0.31833804,-0.6372651,-1.191315,-1.53007,-0.04819581,0.1171808,-0.6457346,0.3238524,-0.9314225,-1.08034,-0.4168866,0.9985821,-0.3211119,0.2601649,0.4572605,1.058921,-0.6205355,-0.6259261,-0.05622963,0.5381162,-1.137467,0.06820186,-0.5773339,-0.5516655,-0.8950773,-0.06964753,-0.2793218,-0.1719416,0.5422987,-2.85142,-2.579387
RT5,1.71844013,-0.0000972,0.30229347,0.77661876,1.58046894,1.27896916,2.05349224,-0.75383711,1.64764189,1.43289538,0.62197373,0.769346,1.36825639,1.19979741,0.68460455,2.52795004,0.58014905,-0.16724997,0.42395723,0.82610031,2.36269083,0.17224038,-0.66236843,-0.74862675,1.90249289,1.75154359,0.07979689,-0.97312124,2.56045064,1.23427079,2.05830731,2.35961549,1.04138504,0.98966142,-0.39108687,4.41559927,1.65662704,0.90115555,-0.15414809,0.83971403,-0.3939758,-0.42111913,-1.11464707,1.70610926,-4.66825178,-0.6943301,-0.47114103,-0.9119447,-0.44678153,1.56556041,1.09096074,0.32339147,2.12633962,1.28737458,0.19007072,-0.44195879,0.0408083,1.59850506,0.57786626,0.03339911,0.1120547,0.25157414,1.30411192,1.00182632,0.21064639,0.21699067,1.81470408,2.18951559,1.674164,-0.2159813,0.12531793,-0.05625527,3.668497,1.045809,0.64201,0.6477242,-0.02847211,0.3604316,1.173266,-0.6417226,0.5957269,0.7492777,0.6404199,0.2168564,-0.6400726,1.255786,2.047127,1.157592,0.4812446,0.4866717,0.8418915,0.4799037,1.118987,0.6738218,1.542427,-0.1802866,0.6295507,0.4537643,1.718092,1.267723,1.07613
RT6,0.9220146,0.254069911,0.162240856,0.395915459,-0.55613102,-0.328222053,-2.993042874,0.16354238,0.747351187,-1.21642879,-1.920332941,0.915561411,-0.080648718,0.241524865,-1.113070917,0.25322211,-2.969741972,0.549157905,0.093230322,-0.756960638,0.155293609,0.008130359,0.291251131,0.554051543,0.760513208,-1.684339353,0.085505713,1.319555771,-0.026971571,-0.24460143,1.962823099,-0.430181947,1.014891242,-0.268934786,0.219617107,0.416480209,0.146870942,-0.055222973,0.484510907,0.281337225,0.328111447,0.11864494,0.959139414,-1.447456697,-4.668251783,1.344406358,-0.142117619,0.136644132,0.987046626,-0.518677308,-1.317549322,0.293794216,-1.761646803,0.465801612,0.034050302,0.179980919,0.193668328,-2.76550307,-0.917774938,0.16539104,0.112742959,0.399548152,-0.333883814,-1.234929746,-0.007102651,0.392443917,-2.19756237,-1.159313094,-0.920759551,1.034165006,-0.316740829,0.03286259,-1.191315,-0.3849375,-0.4059195,0.05873518,-0.05368353,0.1645988,-0.2612648,0.0107535,-0.5169572,0.2424601,0.2095164,0.01483369,-0.006152888,0.3890162,0.8337096,-0.06560685,-0.1143753,0.4638699,-0.5235636,0.1034982,-0.228998,0.4208887,-1.146392,0.3449198,-1.017556,-0.001072502,-1.708993,0.3234361,-3.272534
RT7,0.620909508,0.607481911,0.595641276,0.695302528,0.901115077,-0.176656467,-0.632188872,0.548713669,-0.055194907,0.043113866,-0.377058326,0.221976393,0.887692774,0.113894395,0.437783318,3.791983148,0.246272621,0.983905819,0.31637696,-0.319012226,-0.182280062,0.074359329,0.773290014,0.44336007,-0.214249292,0.47965282,0.253913012,0.297588368,1.387335826,-0.186629098,1.350777611,-1.123329127,-0.565878776,0.123117749,0.718442358,1.702255258,-0.653701394,-0.194669373,0.371398945,-0.205465333,0.642290612,0.322135133,0.820463837,1.270072248,0.521009359,1.1474839,0.383550578,0.813081006,0.008889928,0.968158282,-0.481301298,0.370021581,0.881864877,0.075772312,-0.00000184,0.529699042,0.611225829,0.132773868,0.865151217,0.412690811,0.553471857,0.505283691,-0.018541141,0.686024337,0.49029773,0.415168423,0.565491456,1.24413261,0.471211758,0.61772284,0.310051215,0.3192958,1.293592,0.005260151,0.02745149,0.2396999,0.1321779,0.5771393,0.9155997,1.136663,-0.26451,0.2622628,0.5117973,0.4419043,0.202287,0.9912881,-0.06091968,-0.05859772,0.6372744,0.3124509,0.8125155,0.1075254,-0.113664,0.1981905,2.785434,0.5030635,0.3441461,0.551789,0.9552545,1.113548,0.2863826
RT8,-1.89139612,0.7242597,0.3970844,0.42386282,-0.49897261,-0.22056147,-1.89443059,0.71804243,-1.05283128,-0.91104714,-1.010521,-0.08219656,-1.62484611,-0.33156522,-0.58958118,0.15791193,-1.47096963,0.72141608,0.01960016,-0.52300977,-0.18228006,-1.09207556,0.23565694,0.43872079,-0.41941034,-3.41894041,0.3377555,0.41317312,-1.32625456,-1.15347211,-3.44818499,-0.92265843,0.35041196,-0.67973743,0.44987134,-1.72358595,-1.16647203,-1.0181312,0.06899546,-0.8641943,0.46833322,1.1339921,2.41942293,-2.00707249,1.19650092,2.19175149,1.13047415,0.95603277,0.69765897,-2.39047949,-0.91208421,0.25852608,-2.04932888,-0.65755885,0.01938728,0.61062389,0.55576495,-1.02253376,-0.79935088,0.21817705,0.41211975,0.13288283,-0.3374271,-0.41805974,0.52613435,0.22608621,-1.59142657,0.53611527,-0.71066437,-0.24694353,0.66237697,0.548327,-1.191315,-0.4555551,-0.6182884,0.1471458,-0.2248758,0.2669876,-1.943023,0.7188822,-0.6671189,-0.1000302,-0.2700567,0.5360628,0.8297949,-2.002761,0.9176749,-0.4257034,0.1330607,0.05736949,-0.269966,-1.761709,-0.9487659,-0.4438244,-0.3197131,0.6159902,0.4538452,-0.2034899,-0.3226987,-1.3091,-1.855468
RT9,1.96895106,0.10712443,-0.51150093,0.0699512,2.12004397,1.30340166,2.07795557,-1.18766066,1.52161263,1.6659748,0.50553698,0.84609484,1.3112479,0.93467205,-0.04915961,1.57699611,0.59585745,-0.95201673,-0.30902389,1.34775689,2.29785331,0.44597427,-1.5825167,-1.33109313,1.10822314,2.06582333,-0.26351887,-1.45161149,2.69298325,1.14911298,1.76519676,1.7293023,-1.86879153,0.44673826,-0.79948195,2.20578569,1.68696663,0.18487585,-0.6181094,0.64526072,-1.08212792,-0.6070972,-0.67769301,0.61396634,1.30341049,-1.57965597,0.19568884,-0.34517226,-1.64982865,1.0107179,1.14137526,-0.52023486,2.6912343,1.05152648,0.2827725,-0.47069204,-0.87797308,1.81067811,0.6632717,-1.30602944,-0.37737489,-0.24640334,0.79237437,1.12191658,-0.38301118,-0.55695597,2.54639247,2.94316159,1.15516221,-1.37426592,-0.15115989,-0.1262577,2.679886,1.332131,0.1982752,0.3633411,-0.2050013,-0.4734659,1.033781,-0.4331779,0.6738783,-0.8363495,0.5055667,-0.2649503,-0.2358854,1.165721,1.718852,0.9799528,0.1959726,-0.6775351,0.7710157,0.7744048,0.9458308,0.3498766,1.314417,-0.5501802,0.7336935,-0.1907509,0.9402166,1.226797,0.8646304
RT10,-2.07371767,-0.06379048,0.78436882,-1.51541297,-1.30990282,-1.26070747,-0.25867969,0.66742498,-1.74393535,-1.37057947,-0.37534451,-1.17803876,-1.62479348,-1.13461712,-0.28433861,-0.67833609,-0.92358641,1.67893329,0.38322762,-1.27135081,-2.35133376,-1.20866313,0.7608988,0.3667654,-1.37096921,0.09756782,0.63735708,1.47228296,-2.42486684,-1.74125877,-1.18940252,-0.92265843,-1.08033417,0.16720704,0.67810426,-1.31812085,-2.14428989,-0.96763859,0.54403689,-0.80510902,0.67309623,0.73034314,0.36319099,-1.3139253,-0.09630751,2.51210815,0.30901753,1.16890994,0.33694231,-1.8308637,-2.62973571,0.82616818,-1.64386377,-2.08809791,-0.89986573,0.30089789,1.14968855,-1.41557635,-0.72209426,0.14501931,0.80383466,0.60695515,-0.7824124,-0.61808549,0.91273511,0.52837043,-1.59033625,-3.66483903,-0.62318287,0.34189081,0.71149085,0.1217804,-0.4981679,-0.8369226,-0.8392671,-1.038065,-0.7010847,0.7517066,0.1822277,-0.1612352,-1.0472,0.699885,-0.8641983,0.887676,0.9663055,-1.25614,-1.889047,-1.662466,-0.0723951,0.4642217,-2.700385,-2.135537,-1.959863,-1.503244,-0.5273525,0.504469,-1.540745,-0.0771962,-1.169997,-0.7441719,-0.2103121
RT11,-1.73724544,0.31469537,1.23771927,-0.6680913,-1.77990645,-0.24171281,-3.06203575,2.08230203,-0.95708976,-0.04144352,0.40322445,-0.83536175,-0.50884208,-1.43926383,-0.87619419,-1.2973753,0.25955555,2.74271448,1.81522866,-0.22028128,-1.94586865,-0.70756206,1.42759197,1.19821346,-0.41611544,-0.75635258,0.91095418,3.09121026,-1.73171966,-0.06728234,-0.97525454,1.79143408,-0.38718699,-1.17579965,3.11897152,-3.10988032,-0.32056578,-0.94741209,1.88980823,-1.97423528,0.99422027,0.45758985,-0.77388758,-1.3139253,0.44988573,0.34964364,0.03708381,3.10108939,1.19447861,-1.8308637,1.77037815,0.64345177,-3.84108835,-1.12165739,-0.71460959,1.25316067,1.46426714,-2.40882813,-1.66761671,0.76810056,1.31740296,0.72373063,0.34295378,-0.83158817,0.89756212,2.52504483,-0.17875587,-1.2444709,-1.43680956,3.32616917,0.34555776,1.016585,-1.191315,-1.124605,-0.5242756,0.6545688,-0.5716266,0.746777,-1.104694,0.5644217,-0.3214153,1.783619,0.2423333,0.8535996,0.5753301,0.2740318,-1.090539,-1.168443,-0.4914375,1.739378,-1.137467,-1.406702,-0.6154326,-0.0454097,-0.2590885,-0.07967268,-1.066419,1.247945,-0.2537059,-0.9051023,-2.17388
RT12,2.85787441,-0.42952146,-0.47374137,-0.18415458,0.88732175,0.13086947,0.23644049,-0.60371037,-0.23744397,-2.55620314,0.63876737,-0.18432605,-1.47687993,-0.29165767,0.53201198,-2.55013827,0.98095352,-1.11198138,-0.22792459,0.09111182,-0.10004196,0.49359212,-0.37586915,-0.43665039,0.20368258,0.96724839,-0.16369319,-1.15826368,0.17782284,-0.01848027,-0.08582745,-0.92256753,1.52168324,-0.63407855,-0.75541438,1.33863606,0.4278075,0.30890492,-0.26626539,0.60754155,-0.62524447,-0.02745738,-0.936092,1.0133524,0.33639227,-0.60826346,-0.62529171,-1.21640889,-0.61758106,1.27947196,0.88818595,-0.14693903,1.27988307,0.22302209,0.26790888,-0.80651257,-0.80741886,1.20479154,0.30526676,0.35285502,-0.56110365,-0.3123613,-0.87523137,0.52391812,-0.07610013,-0.33579458,-0.73836612,-0.16078426,-0.42947063,-0.3813738,-0.37112379,0.02505713,-1.191315,1.077897,0.4275169,-0.603529,0.7520322,-0.4950416,-0.3461643,-0.1440263,0.6802441,-0.1286035,-0.04059827,-0.6249262,-0.4115794,-0.890388,-1.253058,0.2684514,-0.07042079,-0.4267091,0.6684791,1.251837,0.5359749,0.3361412,-1.146392,-0.02335425,0.2227839,0.3413654,-3.654903,-0.01780127,1.107929
RT13,0.16699202,0.24402324,0.42485798,-1.07868689,0.01185302,-0.02262905,0.44737309,0.54760143,0.4717501,0.74634517,0.50020856,-0.30586035,-0.04749651,-0.72579738,0.67658811,-0.60422812,0.68338693,-0.62177505,0.82720258,-0.03145994,-1.94586865,1.33214861,-0.52230838,-0.66569714,1.44674097,-0.96220463,0.6752528,0.1891489,-0.22764227,-0.20079945,-1.54394754,0.17595386,1.60467194,0.48640212,0.37676743,-3.8030275,-0.16480704,0.52269159,0.70605318,0.06062566,-0.4655269,1.00550843,-0.44816814,1.36880709,-4.66825178,-1.81818964,0.06025087,-0.93725033,-0.65494526,0.42791877,-1.53112342,0.68429478,1.42418917,-0.61518907,0.11106525,-0.09683189,-0.50069249,0.47597259,0.13445622,0.66206902,0.30760218,0.95116817,0.56895785,-0.47148202,0.76497363,0.52836708,0.99670651,-1.75529653,0.72178852,0.35564741,0.74062668,0.5630922,-1.191315,-0.4314575,0.5917167,-0.05549686,0.697331,-0.09120777,0.9981207,-1.306296,1.317333,0.0067378,0.09697172,0.2699366,0.336437,1.299442,0.0246025,0.02056955,0.2102588,0.6646187,-0.7288319,0.4410533,1.209963,-0.0208353,-0.4532445,0.6602247,0.1008779,0.4130808,-2.40214,-0.00083915,0.3417531
RT15,0.443978799,-0.117631939,-0.425539273,-0.117260342,0.873335513,0.783358329,1.682275072,-1.623762739,0.443051935,-0.36913093,-0.359105458,0.374631194,0.979790997,0.161907237,-0.160362255,1.929633077,0.136338359,-1.671597169,-0.875317622,0.53835871,1.807553227,0.324832702,-0.904391958,-1.10334697,0.032274708,1.073299947,-0.584005104,-1.834603739,1.582466342,0.463353264,1.179585024,1.676658569,-1.829570815,0.107266099,-1.31983693,2.966716656,0.842867344,-0.005473252,-1.237722499,0.14984466,-0.894262316,-1.641095547,0.134888353,0.749767881,-0.039579937,1.389286885,-0.114466088,-1.268594645,-0.865221883,1.002349647,0.655462757,-0.607760332,1.416407027,-0.212639421,-0.436827072,-1.049636677,-0.953250981,1.307179996,0.430195133,-1.224930966,-0.954230691,-0.494682862,-1.111857829,0.163168953,-0.808084759,-0.854588377,1.293881889,1.786199423,0.498341613,-1.691506796,-0.436721073,-0.3051767,2.903029,0.07936812,-0.2802145,-0.419218,-0.450674,-0.6695098,0.3213405,0.04779477,-0.06151847,-0.807362,0.2452836,-0.6121872,-0.6871441,-0.3201314,1.049527,0.1888282,-0.6318723,-1.051418,0.2512059,-0.1964338,0.3213531,-0.2777767,0.5712598,-0.7308902,0.2339563,-0.3117035,1.345682,0.9356942,0.2969986
RT16,-1.118206228,0.584144357,0.606136852,-0.116954507,-2.290732075,-1.582998593,-1.557958348,1.051763811,-0.313113236,0.841959343,0.734473712,-0.169606952,-0.905723442,-0.692784372,-0.47712725,-1.16384391,-0.618366715,1.869295382,1.159281055,-0.22178872,-2.351333762,-1.715910936,0.93949487,0.986529042,-2.125809961,-2.119657424,0.517263883,1.735867484,-3.118014024,0.125412313,2.136389144,-1.374643556,1.856419856,-0.183061613,0.892489763,-3.803027497,-0.802494081,0.516158199,0.538999093,0.269598148,0.329232761,0.260344003,0.331829532,-1.447456697,0.36619118,-0.010486639,-0.052772519,1.159021755,0.980279904,0.471721396,-2.629735711,1.011392492,-3.841088345,0.914751832,-0.397965038,0.649912007,1.980707639,-0.020056162,-1.716651161,1.001250185,1.157468653,0.225371772,-0.548771661,-1.65298197,0.437580948,0.819390557,-1.00687746,-0.397173042,-1.41241509,1.22518227,0.181670599,0.2994599,-1.191315,-1.461077,0.09434485,-0.6591237,-0.7425844,0.414296,-1.882399,-0.1528759,1.069498,1.19025,0.1399411,0.7549469,0.161874,-1.134037,-0.0432201,0.1300235,0.2305233,0.5906593,0.6382925,-1.440662,-0.2479893,-0.246374,-1.482864,0.334986,0.003701371,0.9099689,-2.045465,-2.121123,-1.523334
RT17,0.101056775,0.09389283,-0.686140386,-0.440638679,0.636007327,-0.10107048,1.273385836,-0.853654517,-0.230044449,0.759634397,-0.039842492,0.292280158,1.006667803,0.565532717,-0.019040935,0.648534846,-0.00791125,-1.553814134,-0.883489063,0.404902575,1.343776241,-0.009540784,0.233956013,0.447864113,-0.708193129,1.084562434,-0.351444283,0.000640842,1.40919462,-0.042577532,1.24578069,0.956112414,1.338822723,0.411846785,-0.743387323,1.660795834,0.468650882,0.637998326,-1.079316494,0.528792365,0.164941338,-0.147258391,0.807348895,0.855128396,0.236474697,0.657275354,0.426800561,-1.104306745,0.533869806,1.193039453,0.344335066,-1.143272471,1.738641481,0.055882154,0.342262539,0.139335818,-1.010323488,0.464736514,1.114199643,0.135059074,-0.823345153,-0.494673771,-0.428918553,0.139326731,-0.741074049,-0.909396613,0.925859265,1.648366948,0.903582368,-1.691506796,-0.138501495,-0.6680822,-0.09270281,-0.2979261,0.0778202,0.3684552,-0.7174785,-0.3207224,-0.7082789,1.048427,0.9576134,-1.104614,0.03889088,-0.5170036,-0.5841921,-0.7636633,-0.09728732,-0.3594023,0.04480353,-0.6882063,1.13809,0.360267,0.2805097,-0.1611524,-0.3197131,-0.2142842,0.6002475,-0.318872,0.3247784,0.6160351,0.04618705
RT18,3.08070161,-0.55760036,-0.60551065,0.82499393,0.78504291,0.61696442,1.31730872,-0.42179194,1.5289252,0.4839809,1.03691644,0.57207102,1.73881153,1.38178493,0.59823823,-0.94070036,0.84535049,-1.01481763,-0.82443172,0.55679319,1.01596207,1.56459741,-0.05674013,0.45426407,0.12452444,0.97550875,-0.68858712,-1.52222905,2.67652281,1.06814392,1.44597641,-1.52879424,-1.59115979,1.41488898,-0.80665616,3.07314836,0.85533513,1.00069619,-0.93155561,0.8375507,0.28179149,-0.08778304,-0.01854419,-0.34884441,1.52600258,-3.67888228,0.17548613,-0.8526725,0.43192037,1.43271231,1.03748225,-0.8873391,1.93035278,0.67911927,0.54049955,-0.10417593,-1.20735345,1.69201362,0.83781158,-1.23799006,-0.89387061,-0.80071407,0.23772513,1.28143227,-0.51956517,-0.92358125,0.31939458,1.76888297,1.5805266,-1.30851454,-0.4978755,-0.225502,-1.191315,1.465662,0.3603487,0.4364453,0.7013691,-0.6416694,1.472652,0.02201065,-0.2838519,-1.418271,-0.3306813,-0.7413016,-0.679144,-0.2624072,0.4570234,0.6874121,0.862421,-1.47567,0.8601436,1.021389,0.7095371,0.6225011,-0.7897168,-0.2494784,0.3771349,-0.4658542,1.670543,1.138678,1.586309
RT19,-1.983511405,-0.796306647,-1.690136699,-0.748670717,-1.086759271,-0.480869011,0.901494818,-1.75159611,-1.859533158,1.793488119,0.878343581,0.176640746,0.158093881,0.113900192,1.241098187,-0.152242998,0.430661444,-2.033387214,-1.233174439,0.757407299,0.998579097,0.703663226,-0.000811999,-0.595216229,-0.968357173,-1.382058481,-1.270746446,-2.016925296,-1.613936627,-0.244616355,-1.333652133,2.522990712,-1.303477719,0.53254491,-1.131474122,-1.857117347,-0.353020313,0.740465862,-1.510589486,0.700134182,-0.486977043,-1.049730959,-1.122194276,0.557876873,0.538240823,-1.39857305,-0.293157877,-1.089253716,-0.592679774,0.527291247,-1.109909957,-1.430954543,1.429343818,0.525467169,0.745943525,-0.342445075,-1.215100618,-0.537025949,-0.436269397,-0.798038776,-0.159632162,-1.976287402,-0.224146765,-1.016993203,-1.552004265,-1.770879109,0.123795408,-1.585397489,-0.610170172,-1.384022096,-1.256161978,-1.086063,0.1949793,-0.8369226,0.5881362,0.4184757,0.6500458,-0.6415063,-0.6551691,-0.2857726,1.060318,-1.472338,0.3430478,-1.485127,-0.1020322,0.9294736,-0.3973919,0.7379085,1.429508,-1.977762,0.4351077,1.644359,0.3384513,0.7624112,-0.7897168,-1.409649,0.5529546,-1.589784,0.9602173,0.04141482,1.436996
RT20,0.20868512,-0.124867648,0.347345592,-1.109924053,-1.192119786,-0.257489464,-0.433234916,0.833247853,-1.110987198,-0.06374928,-0.751196438,-0.31282383,-0.379615195,-1.124566788,-1.657428372,-0.152242998,0.138467221,1.006267474,0.450216947,-0.781733966,-0.336430742,-0.806788694,0.187124885,0.190780074,-0.361686447,-1.298676872,0.355100137,1.220979524,-0.675666989,-0.785747329,-2.449656164,-0.142499874,1.365956071,-0.217778174,0.665724123,-1.723585955,-0.664350904,-0.861702005,0.624859344,-0.699332301,0.004736568,0.46932749,-0.202877823,-1.313925304,0.063771294,0.748998448,0.309017526,0.7744399,0.571019983,-0.732251408,-0.725498258,0.229918181,-0.642415227,-0.626166134,-0.584764769,0.281925739,0.665969652,-0.491905514,0.529606806,0.6754435,0.397732014,0.471263461,0.47116181,-0.83575066,0.535218125,0.469827034,-1.038116331,0.221866167,-0.631217423,0.945643955,0.226329407,0.5846763,-0.4981679,-1.033633,-0.456666,-0.4982508,-0.6929875,-0.02241155,-0.5259574,0.1605908,-0.6188485,0.3286378,-0.9060454,0.6231739,0.3011911,-3.095263,-0.5897638,-1.319339,-5.809558,0.4413374,-0.478216,-1.349915,-1.097326,-1.343723,-1.99369,0.3677221,-0.5570384,0.1040938,-2.045465,-1.318528,0.5642264
RT21,0.783126103,0.279384195,0.076886929,-0.053414659,-0.379698594,-0.78869583,-1.549018948,1.20121262,-0.481902581,0.037448725,0.130541161,-0.408890345,-1.230255008,-0.000226653,0.120867184,-0.620005282,-0.017520095,0.844948171,0.367811182,-0.349345379,-1.572603735,-0.201581357,-0.148363192,0.49594194,0.00911951,-1.931341982,0.568013878,1.325100479,-1.624708458,-0.664066956,1.52468695,1.463001764,-0.042868453,-0.129354018,0.617097267,-2.524119376,-0.06509726,-0.561073872,1.036389931,-0.216346837,-0.026841886,0.897809591,0.141875375,-1.023644848,0.754612989,0.452733179,0.366482125,0.447648081,-0.06941173,0.401651647,-1.66811131,0.849882421,-0.614789562,-0.415808289,-0.05587639,0.434251334,0.831440644,-0.765935791,-0.308514892,0.504310926,0.560035001,0.40775839,1.154244434,0.120063952,0.446316226,0.653952424,-0.587018986,-0.455015839,-0.494062771,0.936407185,0.616182023,0.2928944,-0.8727444,-0.2825039,0.2370754,0.01367963,-0.7380897,0.6038885,-1.572628,-0.5931002,0.6531062,0.9089543,0.1166785,1.303258,0.603392,0.5214437,-1.137724,-0.2128543,-0.1867252,0.4409851,-0.5785482,-1.255913,-0.5296082,0.130768,-1.781647,0.5747266,-0.4867663,0.2351112,0.7379182,-1.755176,-1.646887
RT22,2.41682864,-0.27996097,-0.19640641,1.15234227,2.52902685,1.72145023,3.26841036,-0.18218124,2.02209703,1.14923148,1.90039449,0.91520861,0.91632584,0.92744616,0.86643228,4.08436362,1.90333824,0.08323531,0.11138165,-0.05192514,2.43925455,0.69857999,0.03151679,0.34235818,0.99999486,2.1504238,0.11295183,-0.93395835,3.36844288,1.24747822,2.10191782,3.20079465,-0.018477,0.8589255,0.2727859,4.85520081,2.31590023,1.26931115,0.32869116,1.09298735,-0.16926287,0.58316667,-0.60533903,0.76811462,1.00582568,-0.70353224,0.16103815,-0.41189713,0.30873417,2.32183691,2.39806238,0.58161498,2.93597659,1.38676842,0.93302954,-0.18091061,-0.25902883,2.95102845,1.34026559,0.40943169,0.19742552,0.23024454,1.41912759,1.84668412,0.18139114,0.44138566,1.6625561,4.81228596,1.91559998,-0.12741899,-0.33797898,-0.06531779,3.246293,2.225287,0.9842072,0.6918313,0.9358868,-0.2946087,1.389203,-0.5253041,1.053559,0.08854534,0.8803558,0.7007423,-0.02263673,1.378,2.457443,1.434334,0.8553132,-0.0181829,1.12089,1.848246,1.35541,0.7697504,2.612802,-0.06285071,0.7090894,0.6428725,2.967105,1.211268,2.32638
RT23,0.035911701,-0.034890293,-0.014084849,0.260705018,-2.864605244,-0.676141038,-3.283620003,-0.406412721,-0.704396877,-0.083179263,-0.23556,-0.049319367,-1.230255008,-0.78868738,0.017081579,-2.565915431,-0.48195268,0.495131306,0.025767901,-0.224944996,-1.130770982,-0.548777557,-0.381503303,-0.489266034,-0.91495306,-3.317636343,0.042751206,0.004311289,-3.234146371,-0.800196479,-1.664085097,-3.058786813,0.216642743,-0.122859535,0.445736957,-1.137825015,-0.973020184,-0.601422701,-0.256493032,-0.040951178,0.164187696,-0.590986983,0.343741528,1.769563162,0.635303871,0.050825206,-0.21845147,0.440300035,-0.435753579,-0.269516627,-0.656510398,-0.82756368,-1.887755237,-0.629298409,-0.311489357,-0.107489217,-0.255401267,-1.494139808,-0.731795841,-0.33724626,0.00511062,-0.249882102,-1.398484812,-1.350787797,-0.106295376,-0.039200076,-2.064871986,-2.796821645,-0.171150011,-0.325244731,-1.048468661,-0.1792621,-1.565892,-0.687969,-0.4999728,0.2873279,-0.7591431,-0.4230409,-0.7253298,-0.237622,0.2382944,-1.215511,-0.3564068,0.07796124,-0.03677119,-0.9221739,-0.07482994,-0.1322604,-0.5630295,-0.8118713,0.5461682,0.04275547,-0.1838195,-0.1786867,-1.781647,0.063901,0.1263555,-0.322782,-1.239244,-2.255627,-1.818737
RT24,-0.775018515,0.793288788,1.24883049,-1.207086725,0.502690586,0.659708565,0.895882367,-0.674256452,-1.475866352,-1.022161406,-0.935854257,-0.900945067,-1.887034545,-1.337240512,-2.328686183,-0.168020158,-0.599730715,-1.741313985,0.652512627,0.654180187,0.506837807,-1.715709089,-0.957072901,-1.227697069,0.046637431,0.049659487,0.664299144,-1.367594334,0.098058139,-0.887228689,-0.76870105,0.496561249,-0.448333561,-1.226288735,-0.133353726,0.248469346,-0.645042572,-2.124068127,-0.367718667,-2.354532349,0.245877338,-0.374784535,-0.525296319,-0.675338153,0.144025542,0.462540957,-0.097823483,-0.48333758,-0.873570345,-0.920104193,-0.127666269,0.72078654,0.970355658,-1.725729672,-2.047368368,-1.017645415,-0.952176006,0.637479012,-0.660844105,-0.251078563,-0.007286116,0.930560205,-1.452552034,0.552197308,0.990838777,0.30785427,-0.78147312,-0.247376474,-0.512879209,0.190568434,1.595320659,0.7374837,-0.4672793,-0.9756511,-1.866924,-1.282395,-0.7380897,1.388023,-0.984841,-0.6959296,-1.438859,1.821464,-1.087294,0.7603299,0.04518564,-2.705918,0.07671995,-1.534274,-1.372817,0.6075183,-0.8030207,-2.135374,-1.112094,-1.67811,-0.1722093,0.1692615,-0.7589095,1.08142,-1.731721,-1.069557,-0.7411779
RT25,-0.957340072,-0.064621869,-0.182214729,1.114190501,1.160746447,0.347121813,0.095104522,0.339938495,-0.108990076,-0.432554904,0.92073424,0.201455105,-1.69287853,-0.351613553,-0.194349446,3.502510157,1.551444924,-0.590741957,-0.35759686,-0.413719654,-1.467243219,0.37877033,0.056593919,0.508821092,-0.224859317,2.091777308,-0.162377476,-0.897590705,1.429292723,0.418151372,1.082301253,-3.058786813,-0.853798669,-0.448907053,0.003443283,1.93022792,-0.436860305,-0.291489348,-0.151132516,-0.240677214,0.6415655,0.195021953,0.406261885,1.59131493,1.559885341,0.3713335,-0.448025912,-0.252817734,0.673537872,-2.018716482,1.426711867,-0.611855107,-1.125615185,0.482329248,0.532519027,0.463777968,-0.060577887,0.129468654,0.969827499,-0.638361352,-0.233880155,-0.109109548,0.410666399,2.052368449,0.220672749,-0.439360132,-1.340003328,0.675151019,-1.015487921,-1.005969392,0.013418904,0.1041783,-1.565892,0.8701756,-0.1751946,0.9044996,0.6056451,0.1032315,0.9342579,0.7047951,0.1361985,-0.00106682,-0.3750989,0.2140355,0.3336838,-1.716247,-0.6481759,-0.5631749,0.5102326,-0.5734603,0.8567829,0.331666,-0.3762995,0.2382909,1.855939,0.4288747,0.07609857,-0.4649565,-0.4660546,-1.442619,1.189418
RT26,-3.25992516,0.5981663,0.48956869,-0.10847444,-1.76599295,-1.09950982,-2.59047282,0.16484773,0.9194031,-0.0516309,-1.85837686,-0.33698956,0.72094272,0.80883838,0.85706898,-2.56591543,-2.56584857,0.60433443,0.50480878,-0.23338725,-0.77409604,-0.5347258,0.60421141,0.92568705,-0.02335494,-2.06487337,0.58718168,-0.04014047,-3.23414637,-0.82127072,-1.20273953,-2.36563963,2.39247613,0.8352145,0.5598864,-2.11865427,-0.7578027,0.23283142,0.90994185,0.41575028,0.32200739,1.70931461,1.13415201,0.61858289,0.92407967,0.61217522,0.67186378,0.18162021,0.94123334,0.72212354,-1.85043287,0.59509833,-1.43577011,-0.38455575,0.26171729,0.58498209,0.53274896,-1.93597256,-2.71771132,1.52216342,0.49341259,0.72072062,-1.34719152,-1.3507878,0.40186446,0.38731844,-0.10568199,-3.0199652,-0.585484,0.86297972,0.26336065,1.068563,-1.565892,-0.5338183,0.4444346,-0.05917656,-0.0345797,0.5352744,0.9504308,1.027667,-0.2255211,0.4650229,-0.04132576,0.6666731,0.3675034,0.6735707,-4.082163,0.8343936,1.214766,0.6485266,-0.6329092,0.7981529,0.3101173,0.323896,-0.2775698,0.7978702,0.2350504,0.6149637,-3.436469,0.6139734,-2.799566
RT27,-3.259925165,0.208640265,0.054908022,-0.582248688,-2.864605244,-1.703183135,0.388460807,0.930889406,-1.642920436,0.501754333,-0.565851427,-0.355800521,-0.263397913,-0.58197437,-0.794619973,-2.565915431,-0.880773245,1.207326681,0.367811182,-0.695859769,-0.36863093,-0.50720113,0.701409208,0.649025979,-1.59597888,-2.624489162,0.197417596,1.188524944,-2.54099919,-0.264699076,0.339257101,-2.365639632,-1.003330403,-0.67253525,0.803660782,-3.217266557,-1.968577244,-0.044347262,0.476774143,-0.198835266,0.910367288,0.240676356,0.502489917,-0.074564293,0.224919667,0.539783623,0.422051977,0.511266477,0.649002467,-0.840061485,-0.820813449,0.336743868,-1.194608057,-0.774753382,-0.567747017,0.474226346,1.423296803,-1.935972561,-0.26917232,0.495652863,0.44631742,-0.050269048,-0.654044338,-1.093004143,0.064857324,0.042487759,-0.925099283,-3.307647269,-0.675768824,0.665689544,-0.161537251,-0.03501244,-1.565892,-0.6079263,-0.8275008,-0.7564386,-0.2525818,0.108398,-1.022581,0.3427846,-0.3898063,0.4940104,-0.6399821,-0.006174496,0.5573166,0.6613307,-3.389016,-0.6879826,0.6755694,-0.1579448,-1.794949,-0.4734112,-0.7412056,-1.033475,-0.6830349,0.5006187,-0.4303122,-0.1772744,0.313035,-0.001342379,-0.2738374
RT28,-0.620867835,0.295577961,0.820378448,-0.05937285,-0.225547914,0.222576836,-0.255097907,0.620470716,-1.82979781,-0.096082668,-0.017862086,-0.37243984,-0.169383047,-0.323324131,-0.259973429,0.612138399,-0.550945551,0.464760208,0.643514052,-1.219159269,-0.550952487,-0.109306081,1.061324274,1.116614257,0.39699878,-0.003450338,0.795879168,0.100003478,-1.84785201,-0.66410332,-0.456669948,-0.573880163,1.83178057,-0.768625613,0.672103229,-0.732609938,-0.291452951,-0.078327104,0.730893622,-0.824850535,0.892778839,0.650753696,1.304203478,-1.110656225,-0.25571436,-0.032356729,1.3490955,0.315151598,1.221233705,-0.514639085,-0.719030755,0.381949304,0.15531866,-0.435399299,-0.234099147,0.511067065,0.48174059,-1.137464864,-0.028891272,0.883573662,0.598463983,0.716305601,0.013785035,-0.292160435,0.632464637,0.447936527,-0.385953516,-0.201566938,-0.443938489,0.063413259,0.718836177,0.990965,-1.565892,0.3824724,-0.3540579,-0.5962615,0.8156593,0.4313415,-0.004011734,0.5400826,0.2854934,0.558549,-0.2128945,0.5236492,0.7847735,0.2620043,0.662769,-0.4594157,-0.504928,0.4518207,-1.365953,-1.030745,-0.03665506,-0.2814249,0.3584189,1.050665,-0.2293717,0.3022605,0.4655036,-0.02814911,1.071635
RT29,1.484998268,-0.158238415,-0.807328647,0.015572657,2.033234556,1.50812757,3.006990652,-0.681417747,1.337960625,1.460009264,1.463011835,0.955115704,0.371747926,1.0298198,0.639456696,1.682579811,1.341957699,-0.882635417,-1.191325992,0.286398513,2.508693112,0.909179066,0.012949051,0.31799255,0.282289832,2.486149825,-1.155194968,-2.032570638,2.671212752,0.881541262,1.62662691,2.134170038,-0.359780164,1.004745642,-1.241831809,3.631799726,2.137950076,1.034468027,-1.591494098,0.986444818,0.278481757,0.351799739,-0.218566051,-0.417509044,-0.838673766,-0.014289604,0.009807182,-0.758743688,-0.170381665,0.738123884,2.055572067,-1.10297566,2.742804183,0.969288265,0.602504486,-0.478973215,-1.003982911,2.816660276,0.988868145,-1.228854379,-1.046805092,-1.120738238,-0.536261302,1.333451756,-0.777459206,-0.732347256,1.679391904,3.355842537,1.944381491,-2.033122716,-0.574367761,-0.3685249,1.960469,1.527605,0.8712917,1.090666,0.5497646,-0.7345397,0.6891702,-0.4407467,0.239342,-0.7259627,0.9327238,-0.5746764,-0.625267,-0.8088452,1.995479,0.9471048,0.8565085,-1.001915,0.2822603,0.6587166,0.8117338,0.4535717,-0.2775698,-1.161463,1.060858,-0.891475,1.881651,1.39976,1.926343
RT30,0.56869449,0.10881276,0.1502182,0.16015944,-0.22554791,0.48801682,-0.10558006,-0.0211875,0.18784119,-1.05549783,0.10412121,-0.30758887,-1.69293735,-0.45221514,-0.62507891,0.65296039,0.60022907,1.26436862,-0.09902287,-0.77531996,-0.36866426,-1.08508227,0.06881814,-0.21981958,-0.55523397,0.58433633,0.18802785,0.67176898,-0.18962393,-0.18278195,0.43245088,0.7478979,-0.05529097,-0.51095535,0.37872107,1.24864156,-0.35086564,-0.02209186,-0.30440639,0.09515887,0.25112051,0.09631695,-0.25703233,-1.89911359,-0.97992208,0.52402577,0.65058638,0.40284954,-0.37291627,0.8434844,0.16447015,-0.02075718,-1.34875874,-0.01564823,-0.18227426,0.03964051,0.93147687,0.27352211,-0.2357853,-0.56039981,0.4584691,-0.37350922,0.36660641,-0.42277777,0.40453469,-0.01814667,-1.32736502,1.44017922,-0.38989832,0.09674968,0.12981827,0.2029344,0.9990577,-0.4648255,-0.2567203,-0.5060787,-0.6203066,0.4661748,-0.814942,0.0754698,-1.506055,0.0741566,-0.181313,0.2680281,0.1828037,-2.238942,0.7300212,-0.3808534,0.2512675,-0.1479945,-0.07410055,-0.3094515,-0.6959763,-0.08722314,-0.6830349,0.1254589,-0.2389116,-0.2989713,-0.9107404,-1.478021,-0.1486625
RT31,2.273464324,0.053584153,0.430295675,-0.623501747,1.398074633,0.650104921,1.301269241,0.598709224,-1.229908122,-0.622175764,0.139124009,0.141682357,1.331838423,0.304974403,-0.906138447,1.423068615,0.796510214,1.34790681,0.487356333,0.02354182,0.77346647,-0.106271177,0.579389054,0.654433706,-0.376464818,2.825473606,0.306506666,1.190954363,-0.189623933,-0.264699076,-1.119357921,-1.112876664,-1.492878628,-0.411103655,0.494577202,0.589395933,0.027711262,0.022160219,-0.183220831,-0.989971225,0.786752779,-0.478659348,-0.145806697,0.403471508,-0.545709831,0.750137008,-0.514717287,1.493929664,0.605067072,0.232575317,1.000273635,0.220404876,0.937019238,-1.258999368,-0.514717599,0.769931922,1.11511272,1.194679031,0.365181124,0.562909155,0.522426789,0.425669317,-0.123416086,0.450718139,0.215438237,0.46736756,0.070704273,1.536545067,0.753859865,0.198003413,0.049786548,0.008790179,2.14768,0.5406964,-0.4157322,-1.092644,0.7566853,0.2738212,-0.7543173,-0.1133243,-0.7158484,0.1167162,-0.3441367,-0.2240195,-0.1657411,-1.273151,0.8876502,-0.7343587,0.4037313,0.2066983,-0.1538739,-0.743737,-0.6455373,-0.8351991,-0.07689913,-0.3903168,0.4891585,0.4345272,-0.7284189,1.873632,0.1182047
RT32,0.453646902,0.055932143,-0.120768992,0.202518715,-0.379698594,0.023436231,-0.374899107,0.261836907,0.036725972,0.812385338,0.070798626,0.706242497,-0.398973618,-0.110469609,0.7841829,1.017603507,0.530040882,0.249301808,-0.278815983,-0.65384546,1.089984092,-0.908151558,-0.264406438,0.461625066,-0.275026576,0.909197402,-0.251013548,0.133303409,-0.143103918,0.521532972,-1.393794767,-0.014264375,-0.429984422,0.425813326,-0.091352582,0.877078005,0.680392642,0.704607103,-0.227672593,0.009055615,0.040632258,0.184916843,0.89873837,-1.110656225,1.064817406,0.261834108,0.292374153,0.3316809,-0.24735813,0.486809455,0.519810875,-0.362200431,0.857682496,0.390604586,0.394980558,0.393009729,0.046445246,0.377673358,0.020823047,-0.059624523,-0.047927993,-0.012881516,0.291805197,0.348609105,-0.386592897,0.117985508,0.576484838,1.284099897,0.195393369,-0.612926803,-0.303492807,-0.3895575,0.919015,-0.03738146,0.3743006,0.4711735,0.4013446,-0.1130954,0.9011057,1.181225,0.40114,-0.7926541,0.2697297,-0.5936146,0.9222059,0.6530353,0.581276,0.3428726,0.1035605,-0.2413265,0.4277462,0.5582398,-0.2217147,0.4489274,0.7833021,0.2382544,0.9266996,0.5259984,0.2398316,-0.130767,0.5734604
RT33,-3.259925165,-0.065199189,-0.038273869,0.453829559,-2.171458063,-0.263428066,-0.744646132,1.234227292,-0.351936255,-1.282887668,0.323764968,-0.102532252,-0.83723742,0.471455696,1.181577925,-2.565915431,0.012738142,1.041225068,0.681926512,-0.951822771,0.720076915,1.674054488,-0.378023107,-0.07161036,-0.006006302,-0.791907699,0.432329632,1.911166343,-1.84785201,0.218930805,-2.323330726,2.059206999,0.084470969,-0.558913229,0.943754774,-0.509216356,-0.455710365,0.928479179,1.028331869,0.140358689,-0.404693212,0.212880071,0.20559119,-1.023644848,0.623976118,-0.661215091,-0.01077044,0.323450401,-0.074774345,-0.514639085,-0.569499021,0.766952341,-2.735053098,1.42162909,0.375894119,0.524276708,0.403156129,-0.699209933,0.32425598,0.8321251,0.483885922,0.425669317,1.027714236,-1.411412418,0.264506047,0.351979075,-0.742585343,-3.713112377,-1.327316355,1.499376131,0.381143684,-0.08082198,-0.8727444,-0.9756511,0.9078535,0.9300177,0.6840142,0.3585233,-0.2199763,0.2250015,0.5976792,0.558549,0.8079007,0.6192461,0.360352,2.033958,-1.443106,0.596637,-1.00011,0.8716781,-0.6786311,0.628313,0.5186212,0.8338477,-0.3953529,0.6325462,-0.6342085,0.2071373,1.580811,-0.9726207,1.936631
RT34,0.61127585,-0.08723522,-0.27823643,0.44667497,0.82427421,0.2013418,1.11082915,-0.66713898,1.29129904,0.28749973,0.86881022,0.14209768,-0.29198537,0.30248993,1.51150271,-2.56591543,-1.03051863,-0.66973037,-0.58690693,0.4902012,-0.67878586,-0.17202255,0.51131199,0.15864927,0.30053851,-1.93134198,-0.36453737,-0.64627628,1.08334174,0.28440874,-0.74779436,1.06834757,-0.50549197,-0.08034114,-0.29715864,-3.21726656,0.87211392,0.60207629,-0.41454997,0.93316345,-0.05538791,0.10147818,-0.12841495,1.48866078,0.70640417,0.33106843,0.81846725,-0.1818944,0.79132366,-2.71186366,-0.78572213,0.7441339,0.11757833,0.14858318,1.07671888,-0.04118737,-0.12245329,-0.63668958,0.43242746,-0.08261404,-0.36484257,-0.09905921,0.31103656,-0.65764062,0.0497665,-0.25176152,0.77845025,-1.5158878,0.32975961,-0.7464582,-0.30349281,-0.05005032,-1.565892,-0.4002869,0.7392981,0.169438,1.325604,-0.576297,1.08996,0.9158312,-0.1369677,-1.269578,0.3243178,0.02358851,0.7350422,0.934066,-0.4186015,0.2610005,1.064966,-0.4064062,1.293656,-1.220511,0.6157594,0.3539018,0.01011225,0.2008986,-0.04245017,-0.3471734,-1.932392,0.5290438,-1.333229
RT35,0.7831261,1.0032147,1.6819664,0.6277593,1.9716767,1.5250184,3.1799278,1.5837802,1.7053835,1.0855648,1.8465143,0.5451923,1.7043876,1.2972276,0.6782027,4.830299,1.1203487,-1.1535273,1.2998503,0.8480359,2.2291082,0.334912,0.1334924,0.503206,1.8969069,3.1391333,1.0788395,-0.1607685,4.4607022,0.6564627,1.8324225,2.9956525,0.4454843,0.9444337,0.6755272,4.5647067,1.7440849,0.535667,1.1514942,0.552221,-0.1353152,0.6281181,0.6151631,1.4542931,1.9924678,-1.7715773,0.7527159,-0.3292054,0.4717121,1.4548016,1.73586,1.7164646,2.7525063,1.4881667,0.7129181,0.201042,-0.2230968,2.6108208,0.4177821,0.8258946,0.343188,1.4674712,0.7196712,1.942868,1.1343352,0.8642468,2.5807422,2.0935275,1.3598035,1.6035556,2.4476829,1.043636,6.23836,2.387806,0.3191602,1.076417,0.86298,2.29409,0.631977,-0.6176774,0.2703375,2.494203,0.2429722,1.253248,0.4161805,1.409582,2.04033,1.115291,0.2807244,1.712319,1.104313,1.009966,0.6748906,0.9223661,3.889956,1.255898,0.4393705,1.800849,2.412856,1.180158,2.080707
RT36,0.76542653,-1.92505376,-1.77071852,0.21169766,1.65718333,-2.0306867,-2.0796472,-2.6201666,-0.02218297,-0.48864437,-2.63067834,-1.41557298,0.5301603,-1.17217358,-1.15608259,1.45943626,-0.24907884,-2.01575083,-1.44804584,-0.01635515,-0.82538933,0.01889197,-1.57690049,-3.40234673,-0.02836748,0.62394547,-1.15518292,-0.74855513,0.71709735,-0.3147095,0.11028263,0.85323619,-2.03942233,-0.2332193,-3.01459622,1.69538833,-2.09156669,-0.79651347,-0.69767622,-0.92613917,-2.02826239,-1.98562147,-2.24294782,-0.07456429,-2.02822305,-1.51076627,-3.18886594,-2.68058067,-2.58607446,-0.40927857,-0.12766627,-1.00988524,-0.74262293,-0.46459845,-0.72271817,-1.85553736,-1.53025386,-0.83736027,-1.79430313,-1.50843924,-1.21020576,-1.87101605,-0.55873416,0.36987575,-2.1550955,-1.58676258,-1.10399532,-0.06245414,0.20191733,-0.27645457,-1.04882574,-1.84181,0.3800185,0.8344575,-0.6791742,-1.140121,-0.6203066,-2.200775,-0.6971589,-1.258457,-0.7487693,-0.6634423,-0.9007084,-2.001793,-2.241142,-0.5437374,0.4717138,-1.222248,-0.7917842,-0.7557818,-0.8504942,-0.6112183,-1.619342,-0.248879,1.051566,-2.246652,-0.92713,-1.078061,0.4029833,-0.41923,-0.03744864
RT37,-0.95734007,-0.16529529,-0.0381885,-1.28557875,-2.86460524,-0.93624978,-0.62103218,0.22474278,-0.18016495,-1.49544911,-0.61173623,-1.0836462,-0.263412,-1.0305325,-1.18822032,-2.56591543,-0.18762606,0.61954002,0.35984301,0.267086,-3.07668113,-0.12153865,0.1899016,-0.34475602,-1.19453792,-1.52587687,0.22809485,1.65630882,-2.54099919,-0.34068498,-0.10775701,-1.26702734,-0.16065149,-0.52637164,1.10617586,-3.21726656,-0.86996496,-2.12183349,0.75031171,-0.88383926,-0.16016709,0.06561348,-0.57794005,-2.81540432,1.43751285,1.49536973,0.36648212,0.93483611,-0.67571837,0.50701216,0.19078746,-0.17215683,-3.14051821,-0.43001812,-0.65026309,0.52914935,-0.13314858,-0.83736027,0.69702377,-0.52358584,0.13989231,0.45482015,-0.23204993,-1.98677656,0.48149573,0.77409142,-0.02018628,-0.7173801,-1.22543968,1.4433314,0.25433931,0.3554148,-1.565892,-1.563438,-0.7493347,-0.4349018,-1.208093,0.01669088,-0.2031404,0.153028,-0.6785147,-0.2281243,-0.9553668,0.2924997,-0.05835832,-1.413197,-2.136253,-1.433855,-0.06620477,0.65742,-0.01818217,-1.385591,-0.8633541,-1.121954,-0.07689913,-0.05835632,-1.161934,-0.1983278,-1.421566,-0.3884614,-0.03744864
RT38,0.92972958,0.32923648,0.19466996,0.81915305,1.1243788,0.84323063,1.00226736,0.57031181,0.87275787,0.15016846,0.32723091,0.43515896,1.09431261,0.2328892,1.12192779,-1.46730314,0.63863852,0.26016601,0.78902465,0.48437839,-1.28492166,2.2869299,0.36122313,1.3732698,1.67683734,0.42003327,0.2036288,-0.42313273,1.56164418,0.98106735,-2.46643157,-1.96017452,0.46052965,0.44652473,0.30553951,0.15002927,0.71565039,0.42501003,0.67948566,0.52013553,0.45525706,0.47319785,0.31095171,1.10656902,0.53311981,-0.92560707,0.86291901,-0.50204823,1.37330576,-1.79557293,0.27779884,1.06398526,-0.07246527,-0.20365971,0.89592465,0.46190026,-0.03091229,-0.304534,1.54068398,0.80057354,0.47912581,0.47755415,2.01318387,0.63610299,0.13360397,0.39423888,0.65338807,-3.30764727,0.14551868,0.67492748,0.37255994,0.4142648,-1.565892,0.5160038,0.9189809,0.4072195,0.1864999,0.5904881,1.06643,1.120712,0.2514029,0.676332,0.279582,0.4034843,0.1828009,2.877416,0.7381184,1.103273,0.1160364,0.4733269,-0.3564687,3.139309,1.844791,1.294124,-0.6830349,0.3396069,0.05360386,0.6964567,-0.1222831,0.7812994,1.210793
RT39,1.044139928,0.267769142,-0.325856343,-0.127522631,0.569381961,0.172767736,-1.984337019,0.332133504,0.44922417,-0.423505069,0.498424033,0.676418453,1.064891375,0.536519289,1.12617403,-0.620005282,-0.42158953,0.221593741,-0.39944397,0.685851502,0.219155735,-0.238937143,0.434379826,0.167164881,0.336066229,0.30670459,-0.260812622,0.867017775,1.617883893,0.082171868,1.222447885,-0.66089154,-1.218401784,1.213856535,-0.198900746,-1.830972196,0.886903182,0.982037046,0.039922721,1.536392297,-0.441369509,-0.19261278,1.344531524,-1.205966404,1.29426296,-0.406289152,-0.514717287,1.176634094,0.523455917,1.52946309,-0.109966692,-0.657664644,1.617373067,0.584008859,0.996118337,-0.055956951,0.154533493,0.877818084,-0.415124446,-0.638361352,-0.394530416,-0.12951842,0.444567951,1.349388348,0.288746665,-0.093858488,0.981326025,2.40828334,-0.372794799,-0.062880467,-0.006531882,-0.7133445,-0.8727444,-0.4002869,0.3329113,0.9500616,-0.1433826,-0.370516,2.043681,0.0967472,0.5447328,-0.2087062,0.8307589,-0.7490536,0.4473678,2.187771,0.5428097,0.9976328,0.8620458,-0.3322982,1.064187,0.8358398,0.9157697,0.6763113,-0.8653565,-0.08563073,0.2545396,-0.6472614,2.534793,0.6762733,-2.645415
RT40,0.2365824,-1.21985927,-0.42851863,-1.11695287,0.53659214,-0.91759639,-0.49041199,-0.51603245,-1.39286943,-1.32637278,-1.91014907,-1.06335238,0.89003519,-0.91483867,-1.53247289,-1.87276825,-0.96357915,0.52875205,-0.63982933,0.68821199,-0.51173177,-0.71240698,-0.38765644,-1.08868074,-0.92722315,0.20866536,-0.69121403,0.41459568,-0.01527055,-0.77959802,-1.63018354,-0.28619809,0.44548432,-1.27271213,-0.0671065,-0.3268948,-1.75557635,-1.81234843,-0.53062214,-1.71695502,-1.16346819,-0.59882723,-1.29848621,-0.46402906,-2.39120355,-0.19492855,-0.70395929,0.8209697,-1.16683333,-1.3255693,-0.82081345,-0.73901028,-0.88922641,-1.84351271,-1.67131714,-0.44491665,0.15453349,-1.83061205,-0.64498873,-0.1061366,-0.3416599,-0.83302839,-0.70533763,-0.88816427,-1.03375496,-0.63125114,-0.74760605,0.00045969,-0.6617544,-0.24136325,-1.04725555,-0.4785049,-1.565892,-1.226966,-1.204908,-1.811773,-1.175303,-0.8105025,-1.715728,-0.887597,-0.8133078,-0.9018534,-0.6156894,-1.490967,-1.090172,-1.040957,-0.07482994,-1.702618,-1.443009,-0.1987668,-1.413581,-1.406317,-1.358985,-1.608189,0.09015496,-1.083501,-0.7093817,-0.5984879,-1.185177,1.026217,-0.8536559
