gene,ABCA6,ABCA8,ABHD16B,ADGRL3,ADH1B,AJM1,ANKRD20A3,ANOS1,APC2,ARL14,ARRDC4,BASP1-AS1,BEST4,BMP6,C5orf17,CA7,CADM1,CAV1,CCDC102B,CCDC162P,CCDC88B,CH507-145C22.1,CPNE7,CTAGE4,CYP4F11,DDX3Y,DMD,EFCAB2,EIF1AY,ESRG,FABP2,FAM239A,FAM27E4,FHL2,FN1,FSBP,GBP5,GOLGA6L22,GPR15,GSTT1,GTF2H2,GULP1,GYG2,HAGLR,HHIP,HLA-DRB3,HLA-DRB4,ICOSLG,IGLL5,IL1B,ITGA8,ITPK1-AS1,JCHAIN,KCTD11,KDM5D,LAT,LINC00910,LINC01002,LINC02316,LMOD1,LOC100128770,LOC100133331,LOC100507412,LOC100996745,LOC101927069,LOC101927556,LOC102723407,LOC102723798,LOC102723996,LOC102724219,LOC102724971,LOC102725009,LOC105369526,LOC105378726,LOC107984449,LOC107985558,LOC107987348,LOC110384692,LOC148696,LOC442028,LOC642249,LOC646652,LOC728613,MIR6723,MMP3,MT1E,MT1F,MT1G,MT1M,MT1X,MT2A,MTRNR2L1,MUC5B,MYH11,MYOCD,NKX2-3,NPHP3-ACAD11,NPY4R2,NR4A3,NTN1,NUDT4B,NUTM2B,OAZ2,PARP2,PHACTR2-AS1,PI15,PIEZO2,PLCH2,PLEKHA4,PMP22,POM121L10P,PRKY,RARRES2,RCAN2,RHPN1,RPS4Y1,S100P,SERF1A,SERF1B,SLC22A3,SLC28A2,SLC44A5,SLC9A3-AS1,SLITRK6,SLMO2-ATP5E,SMARCA1,SMG1P7,SNORD133,SPDYE11,SPECC1L-ADORA2A,SSPN,ST6GAL2,STX16-NPEPL1,SYN3,SYNPO2,TCF21,THNSL2,TRIM17,TTLL7,TTTY15,TUSC3,TXLNGY,UGT2B17,USP32P1,USP32P2,USP9Y,UTY,ZFY,ZNF100,ZNF165,ZNF521,ZNF775
RT1,-0.02840934,0.15816454,1.39575492,-0.05550357,0.32469509,0.53098401,1.04622802,0.85057693,1.96349965,0.08920529,0.1763111,0.46927741,-0.43897979,-0.30185577,0.94542364,-0.14943227,0.38807448,0.88989518,0.21374008,0.20400893,0.2642619,-0.30039195,0.52060262,0.365479,0.56054946,2.53058206,0.56060767,0.60255409,1.78125344,0.60010177,-0.6790448,-0.21174727,0.81851081,0.07901797,0.49720695,1.25406323,0.49210756,2.03429137,0.28764552,1.33647688,1.17741216,0.1265338,0.14196038,0.06098319,-0.07048546,2.93287291,-0.49883918,0.99699571,-0.10104306,0.85439464,-0.01533784,2.66180256,-0.81303657,-4.08987595,2.89695806,0.79680046,0.57399919,0.72855457,1.25624739,0.76156837,2.14045335,0.94311647,0.32046494,2.3251729,1.13934897,2.71603826,0.02955759,2.36192707,0.9426514,0.43870093,0.31830368,1.04378028,-0.1868926,3.21248726,1.19775846,1.50404686,1.97919049,-3.98426875,2.54913379,2.4592076,0.75342824,2.77384225,0.69633123,2.87281347,0.60291872,-0.56587325,-0.7627658,-0.90165953,-0.04762694,-0.68341051,-0.78344366,2.52976715,0.65438811,1.19604773,0.7334088,0.50214335,0.9574181,0.88522026,2.09700892,0.80743136,-0.08450842,1.89411737,0.40547494,-2.31438665,2.78427507,0.14641765,0.36103499,0.87532704,0.65856583,0.83107487,1.54781186,2.06765938,0.02586421,0.72118923,0.67931883,3.02241705,-0.33998729,0.32722732,2.09409843,0.36485591,-0.52295426,-1.96816573,-0.36451579,-0.58386164,1.59149297,0.28327195,0.89275982,0.87418279,2.77160393,0.41180759,0.30224401,0.36337941,0.67172223,0.66061085,1.36094258,-0.08388714,0.85545383,1.72965125,0.20761451,1.88490731,-0.30706437,2.41851105,0.3855109,-1.30937437,1.70551299,3.16051739,1.88123834,2.24254216,-0.41458242,0.37365834,0.23554866,0.30165357
RT2,-0.006922058,0.363795393,1.457502925,0.022020882,-0.019175745,0.856911042,1.595183188,0.854972541,1.955625598,0.236338396,-0.320956238,0.330163489,-0.796693632,0.093190333,1.385031567,-0.183226528,0.136052584,-0.303880884,-0.342972054,0.178284043,-0.045444987,-0.131834486,0.174350771,-2.233535841,0.24128869,2.328430754,0.147493331,0.63003647,1.63721407,0.81094752,-0.202253635,0.408854407,0.543805528,-0.319922902,0.058636803,1.124394564,-0.053751342,2.040180984,0.63815174,-4.160691349,0.219057892,-0.283906824,-0.081515703,0.45221448,0.261407947,1.465302306,-0.060282432,-0.344403686,-0.420757096,0.930507034,-0.012959864,2.820079288,-0.115594567,-0.513997235,2.778916704,0.015791925,0.442506248,0.436186182,0.925928985,0.028919009,2.456724743,0.634470241,0.254186234,2.078602433,1.334470439,2.505894686,-0.056236579,2.326512876,0.549031915,1.140579193,-0.057015722,0.598977013,1.183508102,2.395422301,0.755806864,-1.684723153,2.741281817,-1.063206147,2.753736634,2.690014028,0.833854022,3.029882684,0.845967396,2.890085053,0.084975628,0.278363917,0.846512088,0.644518946,0.853336352,-0.094562058,0.257989659,0.451219176,0.06892602,0.171988948,0.189704506,0.056978372,0.564023605,-0.118838482,1.683316883,0.094481556,0.100802993,1.722420421,-0.056082574,-2.194258705,2.665458826,0.611780897,0.040127274,0.663324035,-0.280539584,0.040095444,1.080452925,2.131816061,-0.64971665,-0.259629105,0.242108493,2.847530471,0.339413972,-4.627627432,1.592510297,-1.042934016,1.053766337,1.208551913,-0.011374356,0.457661752,1.06238221,-0.016839787,0.879217812,0.815913887,2.976845159,-0.20708504,-0.312996642,0.691923895,0.697008052,0.405327582,-0.033289069,0.014552932,0.724998205,1.84583638,0.144731564,1.716526366,0.622009798,2.392961979,0.627079646,1.604730376,-1.021700628,3.079837869,1.865301427,2.180169147,0.168363033,-0.109496266,-0.076482445,0.702412785
RT3,-1.65086943,-5.22633052,1.75115516,-4.350637,-3.03184134,-0.06253333,0.78850596,-0.21766426,1.91117384,-2.65806562,-1.32169731,0.24606847,-2.61702647,0.55857875,0.52656721,-3.17896193,-0.94961833,-2.6921607,-2.09471598,-1.93764579,1.65706627,-1.51340123,-0.42035634,-1.84915116,-2.61693572,2.25242136,-3.25783772,-0.06222957,1.89632277,0.21262337,-1.11625793,0.13061647,-0.45079165,-1.89938421,-3.39842208,0.73879136,3.06236491,1.54298125,0.68953919,-4.16069135,-0.3957913,-4.42734309,-2.00520271,-4.32354032,-4.61378556,-3.40416873,1.72577207,-0.46776781,-0.62020216,2.2760612,-2.07787902,2.86213809,-0.29070747,-4.08987595,2.75338014,1.81601885,0.34700153,4.50211134,1.9669149,-3.55146539,0.14369731,0.66113214,-0.35005653,1.34946646,1.03369093,1.98738349,-0.24641063,2.57281731,-1.12125893,0.56982831,-0.22020628,0.09887914,-3.10466334,1.95707197,-3.29394012,-1.92588521,1.19008856,0.76932144,2.86671417,2.14551057,-0.16791861,2.23763064,-1.04451697,1.50379069,0.98687762,-2.17897947,-1.62393638,-3.12476521,-2.77403792,-1.31950195,-1.33444118,-0.29202564,-2.65045076,-2.90416172,-3.90608068,-4.61585046,-0.42295788,-2.60635226,-1.11032704,-2.15931337,0.17467013,1.33421039,0.95085976,-3.08814065,2.36206684,-3.03163618,-3.28310857,0.88003293,-0.7660474,-3.54342349,0.94688898,2.20289697,-3.75579698,-2.05139651,-0.30150695,2.57795508,-1.02294762,0.28175741,-0.502894,-0.68195097,-1.3591073,-1.83793876,0.0096686,-3.38722202,0.68181006,-2.56057979,0.39117507,1.6312787,1.89860238,-0.80550603,-2.23702408,-1.69547474,1.6032622,0.12371342,-2.89560658,-2.60199404,-1.99957857,2.1057147,-1.07723459,1.39161961,-3.65696846,1.77442734,-3.94883165,0.866626,-0.41368512,2.64850592,1.90346067,1.81375204,-0.20789463,-2.55170764,-2.03657723,-0.99061184
RT4,0.202423357,0.280355112,1.492800707,0.220073717,0.980126545,0.591048248,1.222662918,0.561425349,1.234420464,-0.026831022,-0.140882429,0.305709587,2.342166621,0.00615544,0.839677297,1.935660942,-0.228845339,0.029827011,0.095951193,0.268547455,-0.002436912,0.373747372,-0.627995701,1.977861901,1.25337369,1.783774824,0.026825848,-0.758134581,1.89632277,0.272830653,-0.00482523,0.528406252,0.376022273,0.433190262,0.390375729,-3.621424128,-0.362072744,2.055937845,-0.639398007,1.688633431,-0.630921992,0.089574947,0.759988521,-0.049658629,0.835124021,0.603182638,-0.788985925,0.191087569,-0.569677278,-0.78080707,0.870464844,2.531326894,-0.156519073,1.031447642,2.67805749,-0.719027952,0.613973624,1.162890424,0.712313793,0.508977618,2.003271317,-0.076528399,0.34672796,1.451917099,1.476664527,2.612874977,0.040573168,1.805427246,-0.287601351,1.809324438,-0.000477267,0.717069106,1.084993932,2.049309356,0.200763088,1.389952323,1.402740417,1.488388402,2.181059277,2.145550045,0.552574854,1.481229365,0.111448084,0.863989492,-0.682279524,0.30758586,-0.598150831,-0.6529821,0.223173559,-1.117452533,-0.417572292,-1.157549963,1.157037449,0.17887689,-0.081392745,0.367756159,-2.052161772,0.364199484,-2.160069932,0.576907705,-0.220771426,1.155313139,0.369561997,-2.077898818,2.897900097,1.468177191,0.109720566,-0.569236226,0.279087193,-0.416662959,1.040354893,1.545244776,0.969622333,0.260667326,-0.108440858,3.019927011,1.450294412,0.975472458,0.597865309,-1.087385779,0.483882191,1.287941748,0.21994645,0.18932825,0.951916307,-0.114287981,0.553049552,-0.233908237,1.963742349,-0.726124175,0.190903284,0.402953523,-0.038014626,0.368117721,-0.033399282,0.42001804,0.120684971,2.120730666,0.23870148,1.266788687,0.467474133,1.976212981,1.063836318,0.563196389,-0.308562486,2.215556321,1.429539874,2.248667373,-0.256431061,0.07040566,-0.021674209,0.228628433
RT5,0.85657472,1.04795304,1.69136725,0.79151328,0.8145962,0.95842802,2.19470925,-0.64254745,1.77409424,-0.50208401,-0.15530301,0.81452848,1.07927429,0.60898798,1.20247081,0.96714358,0.30555345,0.6568196,0.65557074,0.82816324,0.78078363,-0.25674219,0.69887524,1.2329027,0.80112389,-0.71327201,0.68827878,0.99233691,-3.31861299,0.99122722,0.46480325,0.55649537,1.07918223,-0.10787758,0.28699611,1.63519586,0.07489551,2.03971156,-0.39486327,1.24198603,0.84021787,0.97983316,0.37230431,0.25528794,0.65576961,2.0620416,-1.04065778,1.33635324,0.65280786,-1.32603412,0.39111273,2.46077154,0.92204998,-0.24092055,-4.56515809,0.17575657,0.56736836,0.70478809,1.32796559,0.68580037,2.52244196,0.75151523,0.46447773,2.210188,1.70309864,2.79001604,0.44111957,2.17727959,-0.14116322,-4.3263833,0.59113791,-1.05125589,1.33011189,1.13030509,1.04728015,1.13154063,1.01431792,-3.98426875,3.15073256,3.16192423,1.17337277,2.99350066,1.23791364,3.25000814,0.04860798,1.18089894,1.61525735,1.46245151,1.92535619,1.16319202,1.04868742,0.06529146,0.64626779,0.68986524,0.34361384,0.40803006,1.1090955,1.44678848,-1.77434172,0.73633544,0.54535288,1.49731345,0.44699108,-1.99684105,3.02306324,1.36691975,0.30041037,0.14860357,0.45034792,0.10463396,1.26634482,-2.57600047,0.80158254,0.63742556,0.47168293,-4.3603294,-0.79441322,0.21462077,1.99996468,1.71044696,0.80445384,1.86692597,0.82586243,1.34897643,1.59357347,0.26727161,1.0065844,0.35387843,2.91310673,0.35999412,0.35551323,0.81541929,0.75488273,0.59406856,0.11855293,0.59622284,0.56216373,2.545408,0.51832024,-3.25780584,0.51742137,-4.56048152,2.37199993,-1.62091393,1.03199,-4.4802426,-2.42680362,-3.93593708,-0.06979158,-0.52845362,0.48111924,0.85521485
RT6,0.272785803,0.191248787,-0.402394349,0.246619452,0.440424759,0.174309063,-0.142398571,0.828304294,-0.112027988,0.661724482,0.042700644,0.102253131,0.38953177,-0.181021209,-0.618115318,0.280895404,-0.000212296,0.046976689,0.134659376,0.286247032,0.612141841,-0.538864982,0.102891807,1.565395853,0.132943769,2.53423836,-0.145806472,0.456306161,1.762791377,-0.635509342,-0.050456973,0.256947061,-0.006000275,-0.276463638,-0.762855156,1.273411163,0.656055968,1.238325545,0.026350199,-4.160691349,-0.60137742,-0.349687012,-0.832482454,0.133129858,-0.330198997,3.048975839,1.376140702,0.67856721,0.263140965,1.217534442,0.190110828,-0.591411484,-0.397749682,0.230846926,2.98445108,0.651180271,0.051529926,-0.645586554,-0.388437587,-0.888877566,-0.836702568,0.437430592,-0.003511169,0.424117029,-0.972835287,-0.354102755,0.359475831,-0.391797331,0.71550088,0.986191938,0.319579361,-0.85456185,0.571637336,-0.752348521,0.505131936,-2.126555905,1.236185838,1.406067019,-0.991796543,-0.045117132,0.543687269,-0.458662264,0.385825959,-0.707227207,0.416332764,-0.407401682,0.054494407,-0.105656954,0.208844598,-0.25789845,-0.72096371,0.81679302,-0.031665697,-1.091951568,-0.59189468,0.332909428,1.022352889,0.171336859,0.906711513,-1.044952728,-0.475966442,0.237621538,-0.184573813,0.239638516,-0.908762393,-0.63374091,-0.169582146,0.929370679,0.300816191,0.05663021,0.163886551,2.036125242,0.224922556,-0.308418873,0.358696071,2.751182716,-0.621997196,-0.937124296,0.745514964,0.957370205,-0.570002943,0.371456888,0.599946484,0.062765526,-0.407677271,0.200580232,0.088109084,-1.84334615,-0.637846719,0.837755958,0.089511296,0.24182045,0.401852483,-0.076829173,-0.479262983,-0.283600441,-0.700306945,0.021280636,-0.339262579,1.955256688,0.134768379,2.518455166,0.240197221,1.730885876,1.065364343,3.214356015,1.970866527,2.34145049,0.539006117,0.614968517,0.275958195,0.197856774
RT7,0.152752305,1.147919439,-0.364654021,0.737357401,0.457000554,-0.262246632,-0.891048061,-1.207077258,-0.633324912,-0.214928389,-0.143042319,0.256180362,0.912261986,0.465936589,0.408581853,1.297663698,0.402816758,0.567956065,0.577398143,-0.430569893,0.141241574,0.369063846,-0.197212785,1.332808521,0.413957916,-4.68392235,0.684107131,0.58579195,-3.318612988,-0.113155071,0.012326537,0.451751442,-0.127583042,-0.226992659,1.089854308,0.94694721,0.528592784,-3.495431329,0.925833813,1.223803713,1.167281602,0.609719893,0.781706061,0.754130376,0.875152167,2.787090903,-0.566153422,-0.789426954,0.526251607,-0.178631667,0.36495016,-0.732777629,1.014075125,0.632801678,-4.565158085,0.005535424,-0.505325862,-0.419822055,-0.120120873,0.455867793,-0.40680572,-0.446315029,-0.287234916,-0.247980378,0.009827662,-1.302478457,0.402347092,-0.296277383,0.917819229,1.945566862,0.683103014,0.026068126,0.411839942,-1.088563685,0.038258442,0.806124149,-0.973425209,1.157078965,-0.539811419,-0.480435203,0.047591141,-0.268957139,0.031995451,-0.589444172,1.357941304,0.544756336,1.08499201,1.33895674,0.943867082,1.211980838,1.084553058,-0.190344952,0.011875316,0.793006378,1.237043793,0.525813094,0.454698388,0.016641855,0.430946704,0.741584798,-0.179136733,-0.714089302,-0.177612356,0.734712944,-1.09108395,-1.337040462,0.38045949,-0.569236226,0.268026368,0.699338199,-0.106721336,-3.023082825,1.01394558,0.509886794,-0.348918902,-4.360329401,0.275106104,-4.627627432,1.923912409,-1.288056474,0.509931808,-1.715340414,-0.445641337,0.615555349,0.369021135,0.288554268,-0.247789093,-0.927055418,-1.914890814,0.23504902,-0.07753983,0.685943046,0.366452004,-0.05531679,0.615095254,0.964641043,0.273410349,-0.712688539,0.42991355,-3.96436271,0.737480694,-3.483774062,0.70412332,-2.259825194,0.638585749,-4.480242596,-3.010858461,-3.935937084,-0.134709996,0.233842717,0.456628223,-0.132384912
RT8,0.418534326,0.809147722,-0.482437057,0.701220205,0.841607146,-0.512058431,-0.938523744,-0.351605995,-0.86971369,1.013390187,0.140824412,-0.414464578,-0.203436822,-0.094588704,-0.800731194,0.234655918,0.911686323,0.821738606,0.94137041,-0.215844912,-0.249625054,0.373634415,-0.795049786,1.124870036,0.099993023,-3.990775169,0.626483101,-0.598909032,-3.318612988,-0.490096727,-0.072926041,0.369934943,-0.547794941,0.408092762,0.854935999,-3.621424128,-0.334710494,-3.495431329,-0.023482175,1.51948126,-0.562353986,0.69690656,0.611631478,0.980759118,0.630603465,-3.404168729,0.673136233,-1.05632388,-0.001753291,0.502539322,0.311853207,-0.948671553,-0.202777397,0.524660238,-4.565158085,-0.379520812,-0.077533247,-1.013197435,-0.495262728,0.491585875,-0.923607144,0.065913171,-0.206589357,-1.184859891,-0.706246531,-0.667798775,-0.103042031,-0.471756709,1.14598085,1.827180964,0.031569597,0.877471914,-0.88908962,-0.50117694,0.789095391,1.236901148,-0.57779746,1.749363745,-1.145947223,-2.185183296,-0.967033934,-1.6654271,0.206867302,-0.8407586,1.749983392,0.814690997,1.084135252,0.923829347,1.242588367,0.838010836,0.528375811,0.428813696,0.550151035,0.679571085,0.834494139,0.531644014,0.636037451,-1.899584193,2.431024305,0.509896995,-0.606779907,-1.141805338,0.272286335,1.140391612,-2.700521862,0.923871934,0.705875481,0.302065508,0.002323202,1.099042476,-0.613603983,-3.505884004,0.149543748,0.809442899,-0.368517664,-4.360329401,-0.19415979,1.295555598,-3.906987181,-0.777230851,0.71432259,1.627734113,-0.947121098,0.368147176,-3.313211276,0.68697183,-0.339132331,-0.38282265,-0.963837857,0.370341791,0.401325207,0.614808265,-1.596441451,-0.200439645,1.004240464,0.533160696,0.741261458,-0.895010096,0.232457207,-2.887655256,0.684670113,-3.867334334,0.556005045,1.486075,0.8513438,-4.480242596,-2.784494132,-3.935937084,0.266267315,1.105003263,0.528379821,0.221023834
RT9,0.489045798,0.197149989,-1.09554153,-0.11171602,1.197181251,-0.162163174,-0.305601773,0.436262206,-0.805175169,-0.333896961,-0.091825189,0.035117573,-0.419787403,-0.371711016,-0.644625479,-0.539904596,-0.123394919,0.671498764,-0.075891252,0.019780799,-0.606160259,0.043537424,-0.795049786,-4.633791962,0.481785059,1.806799667,0.496361203,-0.367920392,1.615860945,-0.387888534,-0.09205087,-0.657388298,0.23244334,-0.209108759,0.424369791,-0.407158916,-0.783737947,1.07565453,-0.202888277,0.842543294,-0.118568751,0.187391211,-0.308444499,0.257337174,0.082134424,0.802864432,-0.605225902,0.43194026,-1.228408562,-2.242324852,-0.465493585,-0.814604972,-0.950510743,0.723372879,2.557707767,-0.474830992,-0.266854777,-1.633181856,-0.646379484,1.296215147,-1.448730072,-0.120454238,0.058927942,-0.545152118,-0.768134161,-1.88590609,-1.399498036,-1.857801122,-1.06297651,1.306289779,-1.283492842,-0.618023859,-0.6769151,-1.088963605,0.378888869,-2.71434257,0.826006239,-3.984268752,-1.145947223,-0.239273147,0.552263062,-0.710344028,-0.362943605,-1.081920657,-1.16778734,0.5710932,0.936828413,1.014677494,1.186931463,0.659409704,0.725058948,0.324319772,0.302131043,1.557245839,0.612986802,0.196333893,0.327199736,0.468664478,-0.649499195,0.448653369,-0.096431081,-0.00897868,-0.208610521,0.669676343,-0.908762393,2.129332992,0.228436873,-0.080656212,-0.518235626,-0.19703435,-0.552144583,1.404579112,0.182543333,0.34216036,-0.529302513,2.18502026,-0.392628716,0.501300398,0.396496662,0.139046548,0.979846686,-2.491638492,0.391545214,-0.002831756,0.744728604,0.065405454,-0.122487783,-0.493419433,-0.70985833,-0.395773953,0.344110602,-0.37650315,-0.082658118,-0.38313136,1.09146115,-0.418636724,0.471341842,-1.588157276,0.384540863,1.440371115,0.319596191,2.311647623,0.214240934,-2.364206757,-0.03237632,2.76232211,1.675842545,2.116262667,0.382266248,-0.673097457,0.042864313,0.166108076
RT10,-0.1860378,0.4949087,-0.88790216,0.02835378,0.1104385,-0.6114309,-0.91569762,-1.10863719,-0.48672144,0.31850978,-0.22887735,-0.11074126,-0.54776154,-0.44130431,-0.69129525,-0.46675372,0.09045541,-0.06825517,-0.26449023,-0.51812578,-0.26931947,0.32954369,-0.1019026,-0.27332099,0.6800707,-4.68392235,0.29465007,-0.52716007,-3.31861299,-0.64665876,-0.84485789,-1.09108875,0.01095128,-0.1584263,-0.0532337,0.62891228,-0.802379,1.23814966,-0.0875342,0.82292212,-0.14360564,-0.08348572,0.20053255,-0.01139445,0.09122996,-3.40416873,0.9955188,-0.28456021,-0.7675939,0.44891823,-0.18547752,-1.5087514,-0.78318429,-0.51879516,-4.56515809,-0.27871611,-0.41385493,-0.92455872,-0.32313836,0.1484639,-0.84213983,-0.30457492,-1.0737794,-1.10309394,-0.82648517,-1.66604193,-0.66804942,-1.8581344,0.38090764,1.37959676,-0.76043239,-0.7535634,-0.41908599,-1.08896361,0.33477937,1.31100912,-1.54790479,1.7533965,-1.14594722,-0.93242033,-0.0480488,-1.16717107,0.02905279,-0.91486657,0.53696075,-0.36230725,-0.30218054,-0.19250275,-0.06417566,-0.21509128,-0.58442711,-0.3453086,0.59718591,0.56504406,0.21295649,-0.07255568,0.64867242,-1.09551379,1.74474363,0.20781024,-0.52061882,-0.90519017,-0.6723086,-0.02614605,-0.62108032,0.64887502,0.16687898,0.7227502,-0.24279926,-0.1030054,-0.84922255,-3.20358016,0.52086914,-0.14715906,-0.10545296,-4.3603294,-0.89026118,-0.29889609,1.21543394,0.2035984,0.37937397,-2.56903316,0.7512643,0.1391385,0.13289573,0.15351272,-0.30365926,-1.01666758,-0.69794232,-0.35742242,-0.28249319,0.44483326,0.39697353,-0.18859092,0.39261601,0.13925641,-0.80818454,-1.81130083,0.0145306,-1.77237404,0.10810013,-3.72974867,0.95550324,0.45203101,-1.32073318,-4.4802426,-2.80161498,-3.93593708,-0.2481697,0.50017636,-0.36887041,-0.6288218
RT11,0.241337396,0.912128447,-0.482437057,1.476161458,0.966610709,0.319674913,-0.898675346,0.442906749,-0.358888066,0.076301884,0.648318805,-0.05950536,0.383057189,0.663296023,-0.709373666,0.148768304,0.43199661,0.694903952,0.663057652,0.94367613,0.02425765,0.119368234,-0.302573301,-0.436364476,0.638094354,2.39352507,0.525593295,0.292228965,2.950483296,0.902296912,2.381210045,0.057232804,-0.679310498,1.33018004,0.911172194,1.850422086,0.633380898,1.574422108,0.641911143,2.110297082,0.668966882,0.384987594,0.523714686,0.622380082,2.116635705,-3.404168729,-0.578716453,1.018474988,2.689909418,0.956348266,1.634494331,-1.251842942,2.688074542,1.86401912,2.703826849,-0.379520812,0.005237876,0.296662842,-0.616754979,0.636504429,-0.600932337,-0.447135627,0.780353966,-0.810431175,-0.284684222,-0.280033244,2.58784884,-0.653361916,0.871494778,2.639349335,1.954414363,-0.858401465,0.633002314,-0.906642048,1.952077477,0.536031922,0.433745468,1.180437219,-0.740482115,-0.932420327,-1.355516113,-1.538407422,-0.369057388,-0.8407586,-0.156186428,0.36270815,-0.512713462,-0.390428261,-1.705616089,0.24725455,0.247670029,-0.650820931,1.505137473,0.414907794,0.877235687,1.180207288,-0.325464326,0.432812915,-1.149242946,0.918656999,0.948562754,-0.212289963,0.992088168,1.741788974,-0.754611713,-0.166265727,0.598455232,-0.118160607,0.45956458,1.455140568,-0.308321266,2.004881079,0.070426035,0.621112042,0.409989365,3.358480087,2.72044257,0.278224958,1.062569141,0.475532118,-0.6865184,1.679733705,-0.0833484,1.748576417,1.541058665,1.007671672,-0.443128415,-0.087954325,-0.395773142,-0.192275833,0.720094932,-1.529567671,0.192548169,-0.070177844,0.252837672,0.835845935,1.085767771,-0.489544988,0.242261989,1.545551804,0.278126332,2.390703874,1.64906083,0.245640776,-0.812244294,2.393236924,1.80837458,2.838787249,0.498093731,0.922288702,0.204143098,-0.049003303
RT12,0.298552654,0.002993974,-0.402394349,0.181309051,0.287024608,-0.037000031,-0.203556448,-0.384718346,-1.092857241,1.185483854,0.818369722,-0.10219619,1.597354301,-0.088239476,0.137527207,1.718416947,0.53512362,0.559846487,0.109029768,0.614751099,0.265545804,-0.486621657,0.444641101,0.382248697,1.064816947,-3.990775169,0.288908694,0.386396797,-3.318612988,0.071412959,0.64638707,-0.168446339,0.385316525,0.651958035,0.037402668,1.478283751,0.223799525,-3.495431329,0.334651559,0.780951073,0.091601753,0.576609925,-0.037552579,0.752883963,-0.054659312,3.260478783,-0.403494509,0.182742673,0.986232092,-0.53757676,0.331722711,-1.28505814,0.021338371,0.923708325,-4.565158085,0.566622883,-0.093287625,-0.258096875,-0.034325622,0.481791478,-0.675463264,0.198590274,0.577585367,-0.616738842,-0.553938823,-0.476743538,0.760468585,-0.184157967,1.094331422,-4.3263833,0.862356327,0.651756305,0.679526298,-2.005254336,1.037875791,0.788207306,-1.047654642,-3.984268752,-1.551412331,-1.086571007,0.222818977,-0.005206796,0.100546627,-0.435293492,-2.554081701,1.095615029,1.270826519,1.328022663,1.994972091,1.009150249,1.043836286,0.505918427,-0.24264085,0.70155062,0.244959221,0.45305374,0.488591135,1.029508268,0.169211208,0.364508693,0.347809651,-0.508945527,0.327505721,1.140424821,-0.908762393,-0.218225466,0.677704604,-0.284109917,0.187057305,0.468300039,-0.234573322,-3.347176821,0.023329351,0.119016809,0.146254617,-4.360329401,-0.0959041,0.450610435,1.656494373,0.098251776,0.626876921,1.52693414,-0.565186487,0.368147176,1.60630969,0.071956318,0.166321592,-0.590583181,-0.364512484,0.475738117,0.565777835,0.721676597,-0.043662002,-0.085534389,0.815811794,0.146129289,-0.406947771,-0.106552735,0.003076795,-2.243383422,-0.212285967,-3.462536115,0.328259129,0.981247118,0.859717142,-4.480242596,-2.909348195,-3.935937084,0.345290099,0.881368432,0.305228577,0.280300444
RT13,-0.38168471,-0.76811475,-0.04957297,-0.43302962,-0.077017,0.14672111,0.31411275,0.43626221,-0.21046806,1.37117654,0.18182988,0.22988069,-1.38446621,-0.47800568,-0.1256375,-1.09951257,-0.32507337,-0.23843245,-0.48527807,0.98522513,-0.35739421,-0.78960843,-0.70803841,1.25381649,-2.13348171,2.07184541,0.09905941,0.40865889,1.18119668,-0.68274389,0.29654168,0.03282077,0.14952515,0.55616226,-0.3841633,-0.04484589,-0.40476982,1.31784186,-0.31849029,-4.16069135,0.04659703,-0.41846565,-0.32198546,0.29947175,-0.20098727,0.44908044,-1.01904519,1.03622268,-1.01801905,0.25294458,-0.77909625,-0.63301194,-0.86244711,0.51845922,2.66032339,0.03599463,-0.08547202,-0.24766762,-0.02004648,0.16210667,0.05571763,-0.34358463,-0.38078995,-0.55871232,-0.1428498,-0.77902441,-0.95744849,-0.46901071,-1.61066691,-4.3263833,-0.96953965,0.91039491,0.63696668,-0.5964649,-2.19521674,-2.93748612,2.13932024,1.08522647,0.15333576,0.01204128,0.43036956,-0.58468515,-0.03349879,-0.64660259,-0.35685712,-0.49933653,-1.66030402,-1.16956889,-0.77911037,-1.05260941,-1.32417487,-0.00838753,-0.7461611,0.34346919,-0.05593308,-0.32539102,-2.5739507,0.09739916,0.12838921,-0.11623948,-0.05691097,-0.05758368,-0.4208564,0.67475368,-0.13557251,-0.38467367,-0.73757729,0.10371335,-0.339963,-0.41666296,-0.2505507,2.12708662,-1.42042206,-0.24388087,0.34423799,2.4940462,-0.87849634,0.57104086,0.47896922,0.32137033,-0.69629652,1.03613357,-0.02618999,-0.1683462,-2.45667055,-0.20488488,-0.04849766,-1.70981476,-0.38246407,-0.20249389,0.07761235,-0.05184089,-0.34428348,-0.12942444,0.10637032,-0.37156921,-4.07902011,-1.11815365,0.03334243,1.50405602,0.13310534,2.3283855,0.28619385,1.07385437,1.22520531,2.53366568,1.71460474,2.13158764,-0.74174322,0.63145702,-0.31381063,-0.06920601
RT15,0.144516526,0.330496254,-0.441615062,0.214786131,0.236325478,-0.106593323,0.063824146,0.402360654,-1.179868618,-0.00098979,0.777964768,0.02300198,0.697978169,0.620606614,-0.612235158,0.830640274,0.209711411,0.137951868,0.034915302,0.015956702,0.011077331,-0.867151569,-0.708038409,1.049063053,-3.743742329,2.207704564,0.245716674,-0.65569958,1.890873165,-0.219178392,0.226051799,-0.194929113,-0.606934522,-0.192964763,0.282908423,0.844403527,-0.123791367,1.291143327,1.1760263,1.662354546,0.42554481,0.050016449,0.093070017,0.782405154,-0.081186066,2.462571245,0.535178388,1.061886122,0.750816914,-0.840526304,0.1446829,-0.591611244,0.301743319,0.53744704,2.764513568,0.321173574,-0.450977304,-0.128493025,-0.286339277,0.235246311,-0.755499562,-0.126049249,-0.357613255,-0.946486615,-0.516916778,-1.214342481,0.496306172,-1.347308776,-2.27572973,-0.963926747,0.391384918,-0.727187207,0.239375632,-0.904477725,-1.5023473,0.726075524,0.493936939,1.333571791,-0.372757335,-2.878330476,-1.758101787,-1.732243692,-0.095500283,-0.646602585,-1.860934521,0.116770878,-0.219942439,-0.296695088,-0.007562813,-0.15951876,0.263257167,0.152036768,-0.873786341,0.217750338,-0.186429572,0.434005545,-0.184586104,0.996252488,-1.407317073,-0.147590006,0.171725786,-0.713018938,-0.011094465,0.49901083,-1.314227501,-0.36132631,0.56170569,0.123910954,-0.381656977,0.231638243,-0.785256799,1.928011042,-0.092235335,0.337798688,0.097759973,2.486613739,-1.689426557,0.511670757,0.627309796,-0.846188008,-0.654660002,-2.370161163,-0.253950662,0.350447599,0.643479121,-0.098670415,-0.148541613,-0.653762083,-0.550152424,0.679986967,0.498916375,0.687253131,-0.179818571,-0.3557965,-0.082627649,0.470790365,0.130635301,-0.253156209,-0.066030726,1.765506527,-0.4858833,2.47389408,-6.84014741,-1.411408609,1.445811086,2.886507184,1.706111494,2.51538132,-0.609320059,-0.47347488,0.595311611,0.027957738
RT16,0.006874633,0.101700976,-0.770119129,0.390559897,-0.297519284,-0.409404277,-0.646257486,-1.52985065,-0.319667353,-0.05067321,0.232269751,-0.159209833,1.886122061,0.629489166,-0.283344904,1.528877094,-0.325073371,-0.530660264,0.134672034,0.988122095,-0.396916851,0.369152238,-0.014891228,0.572952732,0.111678501,-4.68392235,-0.046994064,-0.283673413,-3.318612988,-0.50142631,0.940931612,0.029573047,0.292444705,0.227153782,-0.297084322,0.891115285,-0.298014021,1.619702109,0.701983797,1.32003507,-0.804758357,0.126544325,0.859018103,0.351157794,0.298869327,-3.404168729,0.561492777,-3.617242392,0.947095072,-0.989561883,0.700991218,-1.01827642,1.166110168,0.810326728,-4.565158085,-0.212466727,-0.135379492,-0.665465728,-0.135450739,-0.387397804,-0.104908373,-0.167922146,-0.10770655,-0.512575316,-0.813880926,-1.047288396,1.015918597,-1.491179147,0.465305631,1.766877167,1.055528205,0.988527522,1.074839035,-1.088963605,0.743593953,0.974536884,-0.297834138,1.273726495,-2.244559512,-0.045117132,0.30205605,-0.014406408,-0.263336138,-1.870378017,-0.414015538,-0.086329934,-0.159681144,0.019595388,-0.047725143,-0.263411776,-0.214133881,-0.428172359,0.888709517,-0.9158652,-0.417177722,-0.353170585,0.729478539,0.435785492,-1.952768085,-0.391651456,0.410876558,-1.94803407,-0.327706235,1.054832124,-0.908762393,-0.218225466,0.257850758,-0.843673072,-0.057396032,-0.293041251,-0.44234115,-3.474928222,0.676341695,0.028050983,0.066217826,-4.360329401,1.56816378,1.133322716,-3.906987181,-1.875843139,0.419814467,0.992911066,0.886390166,0.468230634,-2.479432966,-0.383764089,0.082126742,-0.292748737,-2.644851968,-0.061142154,0.025373287,0.821114913,-0.238167984,-0.241905639,-0.843520531,0.321675663,0.264785315,-0.558537859,0.504332702,-2.353525776,0.68032228,-4.560481515,0.653811059,0.032640308,-0.221667784,-4.480242596,-2.831676783,-3.935937084,0.506964063,-0.185795188,-0.021674209,-0.527039104
RT17,-0.836844058,-0.461368454,0.573615617,-1.772486701,-3.031841338,0.50199647,-0.04578813,-0.020496196,0.392528022,-1.47244196,-1.40691013,0.090001014,-3.449935596,-0.976447239,0.982587865,-2.907028211,-1.486206017,-1.973038031,-0.545915194,0.156045095,1.076176128,1.104110768,4.978936948,2.343001388,0.535619671,2.419423561,-1.455028412,0.192589804,1.685333318,0.205116347,-1.882575581,0.820220415,1.064026558,-0.26615187,-1.709318267,0.958356452,0.281862769,1.761292913,-1.807968884,-1.52163402,0.200497331,0.105256401,-0.492597679,-2.061777221,-2.741983382,-3.404168729,-1.360803156,0.092964707,-1.555873342,-0.045100275,-0.852803025,-1.285258,-1.793866171,0.312651597,2.368263966,-0.069365884,1.021742706,1.048970113,0.16968666,-1.654345408,-0.195443431,0.101182797,0.526532439,0.186516196,-0.163961379,-0.567048872,-1.881320043,-0.189798847,-0.351326373,-4.3263833,-1.085566932,-0.901835841,-0.945179086,0.559695021,-2.687698275,-0.827272921,0.655064473,-1.317040545,-1.145947223,-0.575745383,0.919938335,-0.510418767,0.686289832,-1.53390578,3.924427941,-2.764484623,-1.737265063,-1.815310153,-3.689878659,-1.674954259,-1.008921233,-1.08210413,-0.585558193,-2.346502764,-1.53117493,-1.396974638,0.189415837,-0.483878129,-0.888758302,-2.025781981,-0.732881382,0.07133145,-1.100896124,0.050716044,-1.09108395,-1.316837755,-0.699111014,-1.015538954,0.868083126,-1.687125504,-0.091611191,2.155055317,-1.357901708,-1.763714439,1.423243455,2.421862655,-0.902166085,1.189448013,-3.906987181,3.747451001,-0.830840089,-1.892023218,1.431563339,-2.375621108,1.754673539,-0.969491021,0.372821779,-0.956042955,-0.024977458,-0.477984756,-1.904890245,-1.58565448,0.387896636,0.576402463,-1.943467069,-0.966276321,0.618425355,-0.632645831,-0.990031091,0.985970411,-1.556907632,2.762846286,-3.06842149,-0.517230592,-0.574933063,1.878581857,1.649184237,2.022185238,0.234077424,0.008353684,-1.006993527,0.775172139
RT18,-0.20954073,-0.02232567,-1.35790579,0.01862729,-0.28976015,-0.79077183,-0.6249915,0.60741046,-1.49832235,0.80311446,0.39067242,-1.19890477,-0.40066256,-0.33055294,-0.92670548,-0.24776817,-0.04525547,-0.22495363,-0.45056979,-1.3144572,-0.90022603,-0.12381626,-1.24703491,-0.63808979,-0.1420124,1.82036732,-0.29084963,0.27719926,2.10192201,-1.05022966,0.4241656,-0.4273772,-0.70791514,-0.4815431,-0.23263869,-3.62142413,-0.68367353,-3.49543133,-0.01983918,0.69912881,-0.52601451,0.07253324,-0.95923416,-0.29106762,0.06834567,1.96240991,0.70182771,-0.01888527,-0.32916679,0.49041796,-0.35934693,-1.10303639,0.7965715,0.01659479,1.9210027,-0.59888364,-0.94391498,-0.59651004,-1.03633545,-0.73141013,-1.44873007,-0.79864682,-0.59668674,-0.86735783,-1.083563,-0.72872278,-0.35743171,-0.87680527,0.13614079,-4.3263833,-0.64300285,-0.78056738,-1.1122559,-0.75163459,-2.25177093,-0.10427278,-4.32336438,0.88646826,-1.32826878,-1.49203612,-0.96567069,-1.68276363,-0.82956081,-1.17723084,-0.35685712,0.02630856,-0.49023277,-0.4054225,-0.45958118,-0.44551122,-0.28516129,-0.38600777,-1.11685611,-0.73260776,-0.19862484,0.05697837,-0.33005182,0.2627249,1.35740823,-0.43315119,-0.35122354,-0.78273982,-0.5900705,2.12537551,-0.90876239,-0.88505534,-0.5262682,-0.95489871,-0.59419714,0.09941202,-0.96001951,1.03516818,0.63038766,-0.35099552,-1.45727766,2.64545962,-0.11207696,0.08164147,1.01443067,-0.92033169,-1.07639694,1.66768262,-0.75707749,0.16812604,-1.50279363,-0.09867041,-1.25437159,2.5151925,-2.64485197,-0.3734867,0.24297408,0.01323295,-1.09905029,-0.58316749,-0.37545999,-0.84849329,0.16947037,-0.71268854,-0.31002726,1.41106846,0.27811982,1.69284525,1.47358818,0.9121089,-1.6642549,2.30678018,1.20495424,2.07896075,-0.01960804,-0.52227457,-0.3879186,-0.80402589
RT19,-1.266287959,-2.433081696,-0.194754984,-0.587438885,-4.64127925,-1.03193389,-1.331373552,0.863706221,-0.210468061,-2.143610234,-0.622381083,0.102533527,-3.804897722,-1.259014211,0.503146589,-5.258403468,-0.684667435,-0.438102646,-0.052739639,0.483999598,-0.514257927,1.517058005,3.480352909,0.97279656,0.328285844,2.951974115,-1.182575731,0.015179449,3.181174053,1.322639533,-4.251644631,-0.004309747,-0.358681205,-0.422754252,0.161792401,2.237725429,0.329239787,-3.495431329,-3.334025188,0.849943945,1.026545814,-0.316288917,0.456586203,-1.907626542,-0.976199399,-2.708524669,-0.627900482,0.074809283,-1.538414121,1.013364946,-1.193715815,-0.591012083,-3.388718593,0.486915337,2.99286871,1.018073104,0.537151149,-0.010583221,-0.867108936,-1.216090477,-0.407158557,-0.214534157,0.243814552,-0.865817485,1.254396175,-1.045674315,-1.889091505,-0.185408749,-0.748264639,2.838620101,-1.743344334,-0.676017357,-1.089760315,1.271965865,0.227556466,1.369951656,-4.323364384,1.52858725,-1.145947223,0.066108503,0.988191359,-0.773988761,-0.190118399,-1.282591352,5.160937303,-2.595138035,-1.586950302,-1.563462351,-4.382775934,0.138060863,-0.892526806,-0.444577388,-1.347026445,-1.830388617,-0.530201111,-1.15011456,-0.288487737,0.980833734,-0.7625413,-0.984328106,0.028513985,0.087819204,0.212638883,2.046514685,-1.09108395,0.823228408,-0.074283077,0.686379811,0.886204522,-0.16242882,0.223356978,1.969522186,-0.396193497,-0.968784564,1.309781098,0.427162342,0.84618363,1.136651029,-3.906987181,3.674788156,-1.691427935,-0.041981794,2.004634987,-2.981756911,2.287737118,0.488262304,-0.511537245,1.130724627,-0.287021401,-0.597250779,-0.609567662,-1.783057863,-0.056444072,0.517247297,-1.175503525,-0.905651699,0.793626893,-0.307223431,-0.97407615,2.403196492,-0.636543575,3.385310513,-2.431016439,-0.977151651,-0.81857862,3.001572228,1.946448095,3.252427313,0.040265276,-0.638808384,0.214714569,0.510612484
RT20,0.554506066,0.481498201,1.548995266,0.211852692,0.715790398,0.87423593,1.818419479,-1.140385884,1.806731172,-0.238910353,0.656911399,0.52763443,2.13618921,0.466623625,1.118333282,1.955971799,0.244592752,-0.247527948,0.57683294,0.093343366,-0.105781748,1.007125646,-0.359731715,1.457515658,1.365430637,-0.640871082,0.233608572,-0.025371211,-3.318612988,0.681228071,1.745006738,0.753386271,0.051529784,0.163520562,0.313165269,1.359576361,-0.132222554,1.997029111,0.42718423,-4.160691349,0.079195232,0.499910593,0.707962587,0.681747368,0.413379037,1.165270647,0.176452267,0.716375201,-0.444299753,-0.450565383,-0.024655948,2.577134592,0.234233745,0.170420808,-3.872010905,-0.004816946,0.573183171,0.209753164,0.972360821,0.286791463,2.369322855,0.318711216,0.32864047,1.947279013,1.865753873,2.829408701,-0.069685342,2.303162434,-1.533017659,2.032011673,-0.580444352,0.456015089,1.041116039,1.955577881,0.614557268,1.263468176,1.694035905,1.031228039,3.281805362,3.010547482,0.94082636,2.856824464,0.566903183,2.417337938,-1.637790969,1.608485822,1.432867477,1.807013115,1.786071291,1.416143467,1.205725479,0.008315916,0.846704542,-0.272151114,-0.006039171,0.374582124,-0.113039182,0.456428799,-0.970365942,0.24289294,0.888584053,1.556403873,0.310206376,-1.18295778,3.154552926,-0.353663437,0.307330815,-0.218586397,-0.057396032,-0.197027307,1.436054276,-1.905256253,0.15400133,0.192353132,0.128355631,-4.360329401,0.575647939,1.06826399,1.716929237,1.025578455,1.005143886,1.557953929,-0.174872619,0.739912365,-3.313211276,-0.060635267,0.744847575,3.666909364,2.548815742,-0.294791826,0.465010081,0.381272267,0.355041625,0.460981435,-0.352986317,0.56520005,0.242902603,2.551797797,0.432106508,-1.912549335,0.833538817,-4.560481515,2.099461217,0.518537717,1.050651401,-4.480242596,-2.586907241,-3.935937084,0.704283776,-0.4583331,0.588091363,0.308671141
RT21,0.441476232,1.046599276,-1.719663132,0.608920085,0.561328619,-0.527054962,-0.961277762,1.547901601,-1.55743656,0.907324704,1.241323477,-0.305926198,0.54032651,-0.945021049,-0.477317035,1.216833725,1.297749606,0.911361544,0.424380001,-0.199004475,-0.007924129,1.59769663,-1.329371978,0.483854869,-2.037830295,1.828425783,0.804105929,0.862270768,2.432097131,-0.828190432,1.377709006,0.562989066,-0.008736593,0.150505575,1.028555151,1.078243286,-0.202815871,0.538004861,0.156240992,1.947821913,0.696056265,0.757066823,0.882834192,1.554668179,1.121069878,1.370603062,0.2070051,0.136465403,-0.121577738,1.124057512,0.19734337,-2.440402076,-0.119069009,3.584353139,2.029328396,-0.302013624,-0.331018914,-1.269129257,-0.633448535,0.325086525,-1.705601944,-0.441000713,-0.17918957,-0.455562026,-1.029699998,-2.159611644,-0.251454821,-2.780209836,0.064873836,-3.514641139,-0.044315219,-0.065160057,-0.72461101,-2.27177865,1.415930647,1.075756021,0.601114118,2.560330946,-1.864897764,-1.110416902,0.569355817,-2.193482582,0.014251582,-2.995844782,0.750974647,1.156201176,1.167831026,1.277969315,1.432775197,1.103354203,0.819873178,-0.022519436,0.101998519,0.890145136,0.976548864,0.45603439,0.358724645,0.590217632,1.765163646,0.053298277,1.579505402,-1.148541719,-0.015047703,4.039574277,-3.041272072,2.452506422,0.061952241,0.447122238,0.097395986,0.791861484,-0.584171765,1.453875991,0.362041373,0.469441064,-0.568961025,2.859711253,0.666874015,0.844342176,2.021797635,0.39237768,0.823240677,2.423276837,0.347346496,0.986819123,2.162601463,0.672133205,-0.624381124,-0.260868337,-2.088418176,0.301905413,0.740480287,1.330411639,-0.468941096,-0.049751571,0.911767179,-0.161796401,1.120430197,-1.626763131,0.628415395,1.938178286,1.12532037,2.625773589,4.074990735,1.718066491,-0.919702892,2.899971576,1.902720146,2.475794636,0.705949029,0.779953742,0.340495858,0.759941354
RT22,0.84603287,1.81965861,-2.06796983,1.29500704,1.39185255,-0.95149597,-0.63112903,1.04306402,-2.31512226,0.20418743,0.4449073,-0.48136018,0.2935396,0.48708285,-0.7953146,1.2101756,1.18536536,1.84112049,1.00126587,-0.37335786,-0.59274628,1.7274604,-0.10559655,-0.13729801,1.89520044,1.91632927,1.27304729,-0.20704329,2.86550271,-0.96443204,1.91088237,0.36685595,-0.4765258,0.37886036,1.75376414,-0.17604541,1.29787948,0.0906328,2.0543084,2.81628011,1.38830962,0.70088832,1.21796805,1.48640148,2.39039568,2.7038255,0.93929105,-0.5833518,1.61899633,1.28742932,1.48840837,-1.92678036,1.96403345,3.72015159,2.25462008,-0.01095887,-0.43770173,-1.54176111,-0.96451535,1.77089501,-2.36726046,-0.78856984,0.33829756,-1.06831297,-1.64988971,-2.40515152,1.93221061,-2.47912188,0.86190927,1.87265733,1.78494423,-1.64832591,0.72682265,-1.66564285,1.00112186,0.8184211,0.13803461,1.44000431,-2.82040921,-2.05487851,-0.21750058,-2.57578732,-0.27234602,-3.76903467,0.27555095,1.70420685,1.78506188,1.62782462,1.76838374,1.921977,1.22605123,-0.7316482,0.88828898,1.77355169,1.57596357,1.17793098,0.73440083,0.41860893,2.36463243,1.1993771,2.37561113,-1.45624362,0.34090918,3.7702031,-4.13988436,1.89289063,1.31009626,-0.32861458,-0.46899949,1.52612259,-1.02845097,1.4979974,1.62302807,1.35674181,-0.31489556,3.06188598,1.77526633,0.32898484,2.72506386,0.60148835,1.14510383,2.12098479,-0.59025402,2.47436722,2.12204108,1.22681071,-1.46369611,-0.46380918,-2.33591305,-0.08835078,1.31808317,0.43886268,-0.57120565,-0.30679713,1.91005125,0.98906658,1.35371509,-2.72537542,0.85543415,2.17010381,1.23595039,2.62739968,3.52483815,2.4129405,-0.84837882,2.8387026,1.83599757,2.6586967,0.57446847,0.88649699,0.71779009,-0.09227052
RT23,0.37292346,0.83626103,0.93192046,0.78639581,1.04380607,0.44338213,0.82751066,1.32137395,0.10079152,-0.84162667,-0.02106986,0.68377997,-0.11508665,0.38733672,0.539093,-0.4869679,0.89031405,0.96095849,0.74512271,1.2916499,0.80627952,1.30874809,0.97319311,0.80234209,0.66341116,1.61377996,0.57635311,0.52453462,1.69431973,0.37058375,-0.93681125,0.91074748,0.67335745,-0.38420822,1.04411961,0.60073557,0.94875725,0.69277381,1.11430114,-3.1701719,1.0385914,0.79342554,0.57936825,0.2787989,0.84344247,3.07758392,0.18177181,0.83590316,0.70978259,-1.15491772,1.21239215,0.62767412,0.5420243,-1.04760502,2.67659538,1.20804883,0.82052152,0.93764834,1.0081975,0.90162922,0.66080995,0.24060906,0.67231597,0.46879072,0.43557651,0.92300923,0.93191705,0.56621049,0.501023,1.7938691,0.54203008,-3.64520073,2.20965494,0.39083243,-1.40888754,0.85053047,0.67934094,-3.78605952,0.92641835,0.77833483,0.7959883,1.3700681,1.14498128,-0.07392467,1.03187703,-0.84822131,-1.17397848,-1.89237299,-1.51902301,-0.91040033,-1.12363253,-0.08042869,-0.03718673,0.75684828,0.79969863,1.14081332,0.7233584,1.30468292,-0.80610499,0.93998854,-2.39899799,0.0888662,0.43918873,0.62426901,0.82750935,0.28345272,0.92525044,0.43484601,0.88708723,0.82770409,0.53767782,1.90881911,0.96765155,1.08527,0.85980884,2.77433694,-0.12700341,-4.3638207,2.40939774,1.376101,-0.96357176,-0.42264006,1.55110542,0.85562691,0.39514491,0.51366286,0.59024984,1.20860353,0.64996067,1.80479508,0.82177503,-0.09015554,0.51810589,0.36643334,0.8148564,1.02126972,1.1243441,1.36896914,0.48333882,2.17310193,1.06705524,2.65536163,-5.26031102,-1.72033869,1.00749794,2.81676943,1.98439158,2.27431586,0.96835187,-0.0521155,0.85132148,1.09465434
RT24,0.196044036,-0.47679403,0.444335797,-0.309389121,-0.704775027,-0.191657417,0.321799395,0.799184569,-0.210988107,-1.506602976,-0.935639916,0.111400583,-0.512841623,0.086259934,-0.092779817,-0.733827975,-0.145240098,-0.667475928,0.160823548,-0.199004475,0.76665077,0.174937462,0.698776269,0.27534303,0.17102232,0.974741937,-0.597869437,-0.178837026,0.917089435,-0.276243809,-1.005780307,0.664609018,-0.768547267,-0.607290566,0.294176087,0.819265232,0.740855675,-4.260006357,0.875141372,0.658469497,-0.486659293,-0.667006329,0.068527477,-0.405298441,-0.492702107,2.292536982,0.752487256,-0.28209413,0.638027926,-0.644092092,0.199984321,-0.206827712,0.249739812,-1.047605023,2.434713199,0.630363245,0.296969146,-0.363166466,0.013088853,-0.736484492,-0.025853744,0.42954465,0.188741593,-0.333473561,0.170320633,0.080851381,0.753804551,0.361314125,0.633671816,-3.514641139,0.70936945,0.529478804,0.399331586,0.213377969,0.455657213,-2.093929559,-0.075108711,-3.786059516,0.325104212,0.65317169,0.817299774,0.288837595,0.027985339,-0.305906331,-1.761330977,-0.662081059,-1.136238151,-1.120303553,-1.123890682,-1.280714402,-0.443036367,-0.054821222,0.506590683,-1.028660706,-1.434442313,-0.082962111,0.296940292,-0.157662316,-1.539099775,-0.749873055,-2.398997988,-0.094001781,0.305977308,-0.533571924,0.122795517,-1.690628304,0.197497733,0.60214057,-0.095795243,-0.451831428,0.110239798,1.621913202,-0.137289871,-0.52738853,0.152701326,1.583539553,-1.093443928,0.627563817,-3.351061181,-0.001492123,0.329082877,0.692858054,1.023439437,-0.351466018,0.555831576,-0.111146205,0.014929461,0.109991242,0.569695994,1.069168102,-0.341976561,-1.110086494,0.34247515,-0.015307018,-0.599125449,-0.310216406,-0.090113165,0.165014857,-0.280432002,1.43246496,-0.36006112,2.003006463,-0.914442796,0.602503909,0.102738186,1.950644978,1.431903475,1.404785521,0.275140791,-0.712358813,0.420538566,-0.227445299
RT25,0.138597039,-0.063731956,0.329925446,0.009841309,0.269523785,0.150940413,0.130079034,0.288358945,-0.067345405,0.372013537,0.230372127,-0.313755292,-0.792793283,0.919870284,-0.289114507,-0.861661346,0.303710122,0.979600836,0.266168191,-0.872349028,0.858395869,0.370873469,0.428451456,-0.256062302,-2.540385867,0.824113381,0.64677197,-0.277663874,0.825281885,-0.496941992,-0.81166771,-0.918976103,-0.05099677,-0.38794968,0.183114598,-1.549584279,-0.080773414,0.082733562,0.69602707,1.173620536,-0.580632689,0.481715817,-0.687124909,-0.173193362,0.263623975,2.897940087,-0.367030377,0.835991476,1.242514987,-1.337239273,0.696790951,-0.676099453,1.189770695,-1.047605023,2.217044091,0.411201119,-0.421363473,0.963674911,0.245008056,0.969901927,-0.248067427,0.12992857,0.069505937,-0.576885938,-0.603548524,-0.169306046,1.211313776,0.263931685,-0.059266734,0.304498739,1.083820337,0.07355301,-2.596413187,-0.020486851,0.207534794,-0.20685991,-0.059767447,-3.786059516,0.220229506,0.531810833,0.74876474,0.010241509,0.011348615,0.515700657,-1.761330977,-1.492778134,-1.867125659,-1.917085623,-1.483671272,-1.316222078,-1.677606679,0.152907835,0.546574301,1.503810272,0.871024592,0.73744685,0.508995789,-1.140526251,1.311898215,0.836057616,1.493454764,0.344272832,0.286868633,-0.315227619,-0.028994103,1.829832498,-0.113938426,0.23759813,0.605515248,0.366119184,-0.169243538,1.625264555,-0.104500048,0.315290385,0.384641415,1.472929682,-0.887591874,0.652571328,0.207965819,0.242122504,-0.701487575,-0.158366858,-1.397345463,-0.449906091,-3.038874552,0.195209133,0.083005862,0.301658661,0.113956149,0.404289756,-0.009633718,-0.438586429,-0.130420934,-0.173474801,0.915043324,0.576302168,0.194287169,0.164996338,0.255384744,1.520380963,0.011502437,1.291230767,-0.272309963,-2.058883574,0.235298234,1.869965047,1.082816566,1.175174535,-0.309491863,0.147205609,0.319442449,-0.324072135
RT26,0.7714093,0.762620807,0.735390554,0.016027106,0.131149754,0.770860033,0.769514985,0.932715962,0.379504919,-0.103779313,-0.024520123,0.778821772,1.341016036,0.977784958,0.727223701,0.777629529,-0.410313028,0.03250402,0.539472395,0.744901424,0.573245711,2.529025321,0.526926012,1.092627801,-1.380730772,0.967325321,0.261668478,0.24298255,0.863022213,0.862215853,-0.138073575,0.642230698,0.433934338,-0.150923882,0.009280207,0.486248376,0.348491266,-4.260006357,1.184505396,-3.170171899,0.109198633,-0.005708352,0.26095202,0.794582218,-0.260883252,1.545582965,1.088020986,0.695716253,0.105045982,-2.071208448,0.178019601,0.636264815,0.448547707,-1.047605023,2.557116887,0.4373464,0.623645281,0.769746581,0.721830429,0.04910098,0.736338408,0.295657365,0.774973084,0.096478885,0.971472442,0.487796936,-0.104848633,0.630572049,0.469500571,2.467507651,0.027211075,1.141732523,0.845606189,0.079644225,0.608144608,-1.138418114,1.13167161,1.100168349,0.910173451,0.48784771,0.218807363,1.193400345,0.430963117,0.287088679,-2.859943266,0.599553185,0.202867541,-0.079668579,0.579857155,-0.072127743,0.083158615,-0.151311389,0.345340047,-0.235686099,-0.460418485,0.512729734,0.528127615,1.766373805,-1.781780771,0.233873518,2.341358471,0.123181395,-0.445219074,0.193128093,1.173321619,-1.10284164,0.509528834,-0.141190173,0.069997012,0.007039115,0.365650557,1.758971456,0.143223712,0.315290385,0.498873923,1.706544533,-1.065273051,1.07931537,-3.351061181,-0.424383456,1.054560369,-1.738667823,-0.424192146,-0.010539431,1.342501871,-0.130213268,0.683305538,1.145628731,0.765522789,0.800745855,0.183985844,1.047607435,0.553602955,0.722055456,-0.203105367,0.335105145,1.665941379,1.186647586,0.467582369,1.791059146,0.389781404,2.415549519,-4.165372141,-1.709421257,1.071052774,2.131530298,1.792025431,1.79434725,0.124124148,0.190761356,0.628177931,0.541687788
RT27,1.5667,2.17633224,1.21231463,1.63749125,2.18602728,0.52539528,1.25681669,1.50181049,1.15061364,0.95203575,0.59327762,1.01370804,0.27703911,1.40839231,1.07708984,0.24700128,2.15233245,2.34926762,1.58219719,-0.30436499,0.95381565,1.01682093,0.84537974,-1.26500529,1.08958071,2.40853792,2.22346019,1.1574984,2.46502515,0.70477978,-0.8891434,1.1709902,0.5863075,0.69533028,2.01934826,1.232092,1.41420169,1.23367218,1.80197884,2.66755855,0.82749079,1.71261744,0.32662033,0.77404655,1.51053604,3.45970049,2.3214338,0.90161097,1.35928074,1.14097839,1.45781865,1.44475663,1.25345828,-1.04760502,3.16954235,1.47156353,1.07015904,1.56828927,1.70702743,2.39157186,0.7269614,0.98396019,0.35728312,0.17626381,1.00987165,1.36096296,1.16052952,1.32975521,1.98046917,0.73406837,1.15679875,1.18868147,-0.42735949,1.65047188,1.00472608,1.28704471,1.65929154,2.52438953,1.57971517,1.63042312,0.730612,0.52735814,0.97890357,0.14631945,1.28319146,0.52816521,0.76089295,0.51298352,0.21176615,0.67857171,0.50695274,-0.36643746,1.72614242,2.99173889,2.24336599,1.98027746,1.48170475,-0.428652,3.3004174,2.49292422,1.82115657,1.24789958,1.18927904,0.96925919,1.32817578,2.55213626,1.80974578,1.14490498,1.31878383,2.29187549,1.44088381,2.24504975,1.67877499,1.9149585,0.8357576,2.9789545,-0.16578944,0.96105583,2.66890822,2.1159745,1.11265961,2.68759522,0.29795374,1.38129511,1.71309363,1.77074549,0.9420913,2.12395485,1.0231707,-0.08101133,1.63446013,1.08015578,0.80265709,0.94405952,2.66460807,1.6508169,1.16641156,1.42828572,1.60339349,2.66016923,1.18394899,2.98343418,-5.26031102,2.70180072,0.10028689,3.37785304,2.4782143,2.57969244,0.88703972,0.64626004,2.19614259,0.73512619
RT28,-0.425539242,-1.63845131,0.011471715,-0.427172157,0.139374461,-0.089527922,-1.161974481,-1.369869131,-0.568825166,-0.037705087,-0.228267744,-0.594888971,-1.002389848,-0.518151248,-1.280209057,-1.375015416,-1.104090445,-0.447075863,-0.132200727,-0.05058447,-0.02684446,-0.588185368,0.056922383,-4.625484838,-0.012100672,-2.466659403,-1.131951923,-1.063595425,-3.125961833,-1.213091662,0.219370895,-1.508658787,-0.050505763,0.138269898,-1.249994645,-3.741796315,-1.392371863,-0.4248212,-1.388954652,0.701008278,-1.3860541,-0.747010574,-0.985617898,-0.519708792,-1.23030105,-3.705826215,-3.64686959,0.280626617,-0.204029945,0.597176497,-0.997964349,-1.929176532,-0.510881153,-1.047605023,-4.895284984,-0.598745532,-0.725493005,1.703864598,-1.213839498,-0.453358236,-0.367516652,0.214349856,-0.87718648,-1.28253471,-1.023901419,-1.090018003,-0.80123754,-0.463725782,-0.989698724,0.891309521,-0.907025375,-0.285311573,-0.548752603,-2.11762797,-0.008892289,-3.010220291,-1.546709265,-0.54812644,-1.485408143,-4.00078866,-2.570928152,-1.971059485,-0.557736385,0.48065034,-0.220885936,-0.133084842,0.202653971,0.58482802,0.012079788,-0.079591509,0.025867875,1.84239487,0.116826018,-1.302777502,-1.01237867,-0.481309751,-1.433272608,-0.327003516,-1.455718166,-0.900132002,-2.398997988,-1.293662156,-0.94721303,-1.161756368,-1.004390145,-1.10284164,-1.020659707,-0.147397388,-0.314848809,-1.107694555,-1.324658653,-3.022830788,-1.153664061,-0.377856796,0.086286883,-3.381051802,0.226405334,-0.041106265,0.249560665,-3.368822435,-0.026281523,-2.821489426,-0.670296731,-0.983988577,0.243501755,-0.343787368,-0.585420748,-0.439116568,-0.812312226,-0.194875,-0.723687583,-0.553380431,-0.63264357,-0.684126622,-0.579631688,-0.208863912,-0.570707023,-1.051398986,-0.904866284,-2.435854755,-0.647743192,-3.971459422,0.018619629,-2.179566139,-0.287270793,-4.267066301,-3.64198581,-3.778749304,-1.157330595,0.343638939,-0.352651322,-0.309683398
RT29,0.356140998,0.621838615,0.138471406,0.516430643,0.165677182,-0.019241389,0.10441536,-1.369869131,0.285095235,1.572244204,0.894072106,-0.044834062,0.323869121,0.144970858,0.509601291,0.69008325,0.737155978,0.662465497,0.280352826,-0.067976213,-1.005822,0.562858734,-0.636224798,1.40242735,1.100178407,-1.85355493,0.564206801,0.116977522,-2.432814653,0.089884541,0.974001235,-0.57559487,-0.047798883,0.697609867,1.084323351,0.784503809,-0.388014615,0.385672174,0.575823982,2.848423748,0.988225421,0.13698077,0.990755185,0.858978425,1.291784603,-2.319531854,-0.404335834,0.691235257,0.528911382,-0.366460355,0.594141569,0.95443065,0.606494949,3.642218762,-4.202137803,-0.734877706,-0.397435839,-0.167962259,0.006912793,0.569388302,0.552779516,-0.198810584,-0.291529464,0.677430978,0.874870042,1.061729731,0.553785093,0.355116712,-0.00517365,-0.835813796,0.696632192,1.40138069,-1.274657347,0.70715498,0.407604466,1.909760635,0.569518487,1.602098554,0.674242085,0.110085204,-0.466968229,0.067073381,0.178926809,-0.053432146,1.05207974,1.095323708,1.086445583,1.267759544,0.596538042,0.889262979,1.12137966,-0.235708537,1.388772373,0.971984719,0.335314786,0.515489701,0.360268863,0.96629506,0.923957589,0.681901381,2.476710655,0.793595668,-0.172166681,0.669954766,1.04189919,1.676667526,0.7388389,-0.654546537,-0.517789653,0.431012042,0.285492912,-3.193930075,-0.127811127,0.01830592,-0.211454196,-3.381051802,1.244232485,0.435484327,2.312791262,-1.289380894,1.794377351,2.259883883,0.063672445,0.601638687,2.186183713,0.461848434,0.197957376,0.897167372,0.186487838,-4.198437448,0.48656266,1.868075294,-0.407099698,-0.076818259,0.570459801,-0.012584003,0.83144008,0.708611785,0.390267626,-2.342209854,0.413128768,-3.971459422,2.417574698,1.121645176,0.431431345,-4.267066301,-2.253820697,-3.778749304,0.745957621,1.289370089,0.206964466,0.293851624
RT30,-0.661269381,-0.688559892,-0.640853471,-0.767497963,-0.269148159,0.007545927,-0.548183214,-1.456880508,0.076693965,-0.894424858,-0.724603748,-0.582139466,-0.257949373,-0.687765968,-0.598329795,-0.446145902,-0.477710354,-0.342814852,-1.343269722,-0.140735567,0.795796618,-1.302619203,-1.147050422,-1.011005707,0.000153717,-3.932996471,-0.61526118,-0.576131273,-3.125961833,-0.266400992,-1.524837939,-1.106042487,-0.224766669,-0.590218414,0.027663696,-0.294383509,-0.772885719,-0.181198534,-2.423028419,1.004215371,-2.105623784,-1.09185106,-0.229271408,-0.294547076,-0.954047673,1.720598486,-0.250584253,-1.359714329,-1.619740721,-1.848064896,-1.159366578,-0.261643242,-1.736053569,-1.047605023,-4.895284984,-0.34339884,-0.648459741,0.347478917,-0.52095551,-0.539125057,0.298280669,-0.307540108,-0.342064895,-0.474782569,-1.589758362,-0.871351024,-1.682295767,-0.203259308,0.563520414,-0.730247371,-1.606844574,0.883142405,-0.581510167,-0.801104844,-0.13672764,0.303965713,-1.583552042,0.672233474,-0.392072911,-1.292738459,-1.193026051,-0.232538291,-0.399049407,0.174163952,-1.473648905,-0.919547139,-0.741097765,-0.946966226,-0.571694193,-0.690824338,-0.716843609,-0.490368319,-0.507907743,-0.110963562,-0.462702224,-0.72053944,-0.230382435,-0.682942462,-0.54710483,-0.522065868,-2.398997988,-0.728097553,-1.534517437,-0.732654106,-0.311242964,0.067229613,-1.500232787,-0.517572682,-0.356521505,-0.694132237,-0.682269226,-3.556451827,0.30249998,-0.783321904,0.277159046,-4.767346164,-0.407465237,-4.363820697,1.535415799,0.065197027,-0.809834102,-3.514636606,-0.994043612,-0.821469648,-3.038874552,-0.443870827,-0.218895969,-1.208249656,-0.030600164,0.667665208,-0.752043588,0.384068413,-0.067709127,-0.49970569,-0.369499885,-0.620371334,0.407472389,-0.645933878,-0.612987755,-3.536132323,-0.957898121,-3.971459422,-1.621042071,0.009890277,-1.315610843,-4.267066301,-3.245437391,-3.778749304,-0.398163855,-1.413909627,-0.534972879,-0.06954227
RT31,0.01421288,0.444058764,0.546989951,-0.047689114,0.728433211,-0.056111925,0.691321305,0.239568781,0.294947531,0.675695951,0.431854181,0.053409104,-0.485567205,0.923429363,0.154797316,-0.795703378,0.522580727,0.467019054,-0.175664562,-0.159783762,0.335206071,0.302683073,0.105712547,-2.258048773,0.727599828,0.624383051,1.018441354,-0.135911982,0.562917621,-0.111588283,-1.054619281,-0.164292778,0.135343591,0.396832704,0.469886693,-0.571102839,-0.481099544,0.172190441,0.707016192,1.092507978,-0.741177796,0.006918079,-0.336899753,-0.064972635,0.591311382,-2.504055834,0.401858517,-0.082355826,1.139180655,-0.842543031,0.185591191,0.254135011,0.988568643,-1.047605023,1.995961776,-0.052201826,0.017743548,0.578654509,-0.751297851,1.45443947,0.467855369,-0.096588335,-0.537621982,-0.453304898,0.169482591,-0.518872372,0.895806518,0.304045334,0.419671707,1.36470786,0.523399988,1.412120929,-0.581510167,0.142452165,0.627988246,0.339683796,-0.182770677,1.019378557,0.553937566,1.105162875,0.949038023,0.889480428,-0.158182458,0.298566567,-0.662718688,-0.374732126,0.495736484,0.58527859,0.470202715,0.064485391,0.292163425,0.191431736,-0.759365253,2.058967185,1.318259237,0.429493612,0.135789108,-1.090549596,1.213854512,1.517206919,0.640368323,0.915261274,-0.309864963,-0.658448948,0.445083118,2.037471863,0.445677362,0.02474826,0.224159596,0.477050745,0.163867994,1.495573248,0.521955758,0.49876868,-0.046631577,1.013397352,-0.726818653,0.387015706,0.227221852,0.437840054,-0.767879264,0.510911494,-1.363443911,-0.206284009,0.309414196,0.287990866,0.20467346,0.358170871,0.405335225,0.807392988,0.223118693,-0.253383286,-0.089310691,-0.314122718,1.261320576,0.382957441,-0.614148636,0.026159894,0.835208005,0.872329308,-0.150340589,1.398857625,0.190362556,-0.525672779,-0.69503498,1.259175172,0.751165878,1.007992157,-0.369105789,0.982904246,-0.534972879,-0.587886726
RT32,0.97286012,0.90591187,0.53471986,0.62889055,-0.07449427,1.48433312,0.46362052,0.17057591,1.15684419,1.59897474,0.61478382,0.31236976,2.52948596,0.76850657,0.78280909,1.97998338,0.30380586,-0.17881188,0.47202025,0.71728626,0.72137472,-0.05051806,0.52692601,0.817119,0.87640074,1.11469694,0.7941556,0.54680865,0.98491203,0.30325344,0.76518964,0.203116,0.30500638,0.55259138,-0.05192374,0.72361743,0.17053549,0.81785759,0.49135821,1.67401519,0.35078686,0.63927337,-0.236707,0.26044977,0.81445493,-2.31703497,0.86543393,0.58035496,0.5097011,0.29591517,0.60107419,0.64321134,0.50141062,-1.04760502,2.43055675,0.53559069,0.31358676,-0.62437254,0.41264182,-0.07098884,1.10836521,0.59984062,0.55618204,1.57861108,0.61224223,0.20974566,0.62421751,0.53173534,1.15540088,1.62097493,0.68339755,0.13065885,0.97311951,0.89978891,1.33759455,0.24787625,-0.64253459,2.50019181,0.33248919,0.57392232,0.51561719,0.42998991,0.54473447,0.89832362,-0.29499391,0.28764983,0.76642201,0.65694984,1.15978126,-0.17623421,0.30981223,0.23632348,0.72738991,-0.29187316,-0.01813024,0.58852357,0.80489128,0.41364951,1.40836893,0.33313717,-2.39899799,1.37355129,-0.56223364,-0.42444613,0.65590618,-1.35415607,0.35367051,1.02400656,0.13713632,0.78820517,0.36345036,1.87338309,0.16457684,0.54396859,0.37504134,1.35514665,-0.65059129,1.61152209,-3.35106118,0.15753809,-0.55676902,1.86549574,0.95882289,0.62544933,-3.03887455,0.12323563,0.80046284,-0.368499,0.50462147,1.60587791,0.34163491,-0.30380911,1.22492197,0.22433482,-0.23372229,0.33514011,0.77766921,0.58273154,0.09658807,1.2702466,0.14071417,1.66721548,1.0643633,1.81494586,-0.75606978,1.7171168,1.51107004,1.30529133,0.21605212,1.10390926,0.77337345,0.56578534
RT33,0.894756717,0.725654725,0.798981657,0.668403475,-0.319656262,0.737454004,1.475279817,1.570174236,0.71662045,1.385002588,1.062115974,0.696437421,2.918741028,0.773663568,1.035973002,2.95536593,0.687669025,0.526861564,0.237180654,1.117387673,0.149061687,2.098423791,-0.540914618,1.634593634,1.566627747,1.607830377,0.58695394,0.881373844,2.371206392,0.690382226,2.430443205,0.261195423,0.56035118,0.808723898,0.784703413,1.204840757,0.420070899,1.073634716,1.242134508,-3.170171899,0.89974531,0.711740098,0.704205138,1.329301025,1.121074207,-3.705826215,1.176479846,0.831295188,1.337310247,0.27219864,0.724688544,0.966479122,1.465266512,-1.047605023,2.599786294,0.189711828,0.510939439,-1.54702571,0.93496853,0.39784588,0.995326321,0.06758481,0.63242252,-0.103604822,1.297402963,1.343939536,1.061473429,0.977640114,1.021553755,2.980009424,1.219662737,1.47585426,0.987105751,0.897549724,1.344746398,2.033614419,1.621093369,1.513022558,1.310196563,1.346318871,0.672428416,0.804240409,0.716228202,0.45047426,-0.557358173,1.782135221,1.759514168,1.916717964,2.111200083,1.367618128,1.617506921,0.091053866,1.439765427,0.418748385,0.074783702,0.263662497,1.218276443,2.393193132,0.125509554,0.630613642,2.516696392,0.060532335,0.166284245,0.65454294,1.659208294,0.904626403,0.679749984,0.622813141,0.012838598,0.113207311,0.684772217,1.791749002,1.382535883,0.706769251,0.262869543,2.694868776,0.868660907,2.379213229,1.506733686,0.186525626,2.546963626,0.206492202,-0.863335512,1.294785867,1.483185727,0.108197756,0.732112638,0.707123769,1.002143411,1.187941161,1.400691978,1.5554648,0.738177896,0.426886285,0.41553204,-0.002663081,1.881789291,1.412454255,0.808492762,1.816043296,0.2369422,2.664294202,3.372897241,-1.470165273,1.334854899,2.627604752,2.216388563,2.575051879,0.556203998,0.918433669,0.658949589,0.498067166
RT34,0.469001064,-0.341363692,-0.09852918,-0.257502413,0.155745742,0.054866583,-0.37922741,0.115516132,0.304703706,1.564553149,0.587671875,-0.322542949,1.079868212,-0.50715934,-0.063582205,0.917374848,-0.196533393,0.315069318,0.144807334,0.633904648,0.281063479,-1.397270086,0.319286647,0.191428157,0.373220129,-2.198395416,-0.504646073,-0.335384223,-3.125961833,-0.03792896,1.095928783,0.221562861,-0.378902529,0.707524158,-0.740477936,0.091248416,-0.112721733,0.646526888,-0.663017648,2.417076759,0.243888793,0.045227509,0.169361026,0.083668389,-0.087236999,-2.099593433,2.012464531,0.253858542,-0.830775935,0.727088631,0.177129314,0.573661154,-0.707671589,-1.047605023,-3.796672695,0.206105638,-0.053623642,-0.461154522,-0.003827074,-0.524309972,0.489430975,0.03624103,0.08177371,1.058979792,0.752241805,0.716133379,-0.346675131,0.397564273,1.085336953,0.376975057,-0.326863956,0.859032475,0.411741606,-0.131692879,-2.959903914,1.084124271,0.279422156,2.538365752,0.385024676,-1.056349681,-1.050914916,0.339696583,-0.041507351,0.929929395,1.110348648,0.519720044,-0.241890112,-0.426129882,0.238384425,0.299734045,0.145403492,0.08986792,-1.115241142,-1.087104613,-0.6563193,0.222419539,0.006894951,1.467056892,0.058943024,-0.660902313,2.291569774,0.765366665,0.290307396,-0.502780531,0.680397205,-1.913771856,0.341537103,0.292456692,-0.017014365,0.061542876,-0.185523483,-2.889842113,-0.132539268,-0.391843038,-0.347471734,-3.157908251,0.829761427,1.820565279,-3.351061181,-0.001526605,0.665674604,2.073420714,1.15364754,-0.559105383,1.024306087,-0.470539074,0.132416975,-0.281487624,0.193318229,1.079503727,0.206589391,-0.279783529,-0.430144228,-0.163868273,-0.489200052,-0.296971179,-3.034538987,0.303146677,-0.749474139,-2.434192244,-0.484113769,-3.971459422,2.257296236,1.250988416,0.469072254,-4.267066301,-2.813966176,-3.084602623,0.423270228,1.206682296,0.08021276,-0.163729485
RT35,1.87129631,2.1131582,0.29915379,1.47730913,1.2275752,-0.31145862,0.2681454,1.68648776,-0.08153004,0.64127573,0.16297237,0.92954084,0.86186512,0.69732563,0.33166415,0.74017197,1.24560224,0.42655969,1.72477989,0.64316598,-0.17311964,1.62455664,0.23924394,-0.37090813,-1.34935116,2.04423223,0.96810891,0.99569209,2.57448174,0.05958437,1.62642725,0.30510583,0.15650112,0.60589468,1.69036517,0.61132918,0.63854315,0.68307788,1.66924943,2.10282766,1.03595476,1.69931405,0.49174842,1.20520017,1.55918948,2.30996502,1.81265209,-0.82444572,1.3462947,0.50013071,0.92218813,0.62630887,1.7699022,3.29441959,2.61947717,0.34974834,0.66308813,-0.79414655,1.0988783,0.83562909,0.04919332,-0.35230999,-0.14673685,0.87221282,1.15628499,1.2623969,1.77203876,0.25056943,1.17373265,2.35946903,1.74604116,-0.41230366,1.25903947,0.46915814,1.29023467,1.23828924,1.5479057,1.28810129,1.46134395,0.79919144,-0.57758931,0.60279831,0.40485964,-0.01757173,0.6365643,1.53264956,1.15595985,1.27179303,1.59275297,1.16877233,0.98361664,-0.15626038,0.04790556,0.44839355,0.81586107,0.93123284,1.44421427,0.72266219,-0.48198906,0.471803,2.84020611,1.06606026,0.2049955,0.97916233,1.08585694,0.91944149,0.35365846,0.97307189,-0.44544574,1.08681632,0.81824945,1.91992597,1.41330754,0.85486542,0.1725827,2.68098828,0.64952538,1.00519276,1.47079173,0.2146965,0.74353006,2.74019747,1.0253831,2.53193707,-0.03423209,1.33018906,0.04210399,3.12040396,0.3298382,0.42211384,0.97721959,0.73296905,0.68085038,0.36687873,0.45091888,1.14061648,1.37825931,1.55590965,1.22192473,2.20907996,2.01484464,3.55276608,3.60644929,-0.79542836,2.36638878,3.2189594,2.42347058,2.85667349,1.62756461,0.26929576,0.93520297,0.54776683
RT36,-3.82179908,-3.15477441,-3.45426419,-1.48804412,-1.41774164,-2.85245473,-2.78591606,-2.75616349,-3.07726231,-3.11604089,-2.31337502,-1.9444246,-3.59015388,-2.53895478,-2.41336716,-1.81263764,-2.8532903,-2.18534665,-2.59603269,-3.4178803,-4.1414968,-3.69937197,-2.93880989,-4.62548484,-3.12450647,-2.95216722,-2.86655298,-1.91714866,-0.13022956,0.10634309,-0.66593629,-2.64224953,-1.12495342,-1.37196136,-4.08321017,-1.04258506,-2.13402944,-2.47258964,-2.79772187,-0.03467768,-1.45821368,-2.13330493,-2.17520196,-2.47577131,-2.52958403,-0.5003599,-1.77506741,-2.45586526,-1.15463735,-1.15658577,-2.03541298,-1.83426627,-1.19372064,-1.04760502,-2.41037833,-3.91293154,-1.69033017,-0.97773201,-1.87375553,-1.7993787,-3.75361732,-1.95531273,0.53811098,-2.83202058,-2.65485282,-2.25764539,-1.90156243,-3.3401113,-4.74007301,-3.51464114,-1.72116582,-1.80751233,-1.58481228,-1.42255408,-3.94373667,-3.01022029,-1.42669211,-2.1766216,-3.73669994,-2.20902919,-2.72541222,-2.48816395,-2.11485013,-0.11190392,-2.85994327,-1.92742801,-2.64031555,-1.97453385,-2.44589094,-2.17272883,-2.32936864,0.06182461,-5.2451082,-2.23175759,-0.87522883,-1.8465507,-1.61678393,-4.15611751,-3.57198968,-3.12475555,-2.39899799,-4.27696753,-1.34658415,-2.40243296,-3.04127207,-3.30006622,-2.96656986,-3.55413495,-1.21093683,-2.87535647,-1.79890648,-3.20348429,-2.34890319,-1.32235412,-4.26613928,-0.04884729,0.00516836,-1.21472377,-3.35106118,-1.98252807,-3.36048315,-2.82148943,-4.07149411,-1.87129177,-3.03887455,-1.88423241,-2.05487979,-3.45954146,-3.58021755,-4.19843745,-2.15315412,-2.98616149,-4.25565028,-0.52385712,-1.74210906,-1.04418558,-2.34139181,-3.82398771,-2.23638092,-2.14958799,-2.37496414,-1.89201788,-2.37606913,-3.44355161,-2.36916765,-1.04819048,-3.47188914,-0.48291244,-2.24055645,-2.5581855,-2.83755797,-2.94874073
RT37,-2.17457662,-3.15477441,-2.06796983,-2.29897433,-0.96011325,-0.76344374,-1.40140225,-2.06301631,-0.81847984,-2.05516893,-1.47259184,-1.32474347,-0.44170052,-1.02636669,-1.3649354,-1.52497027,-2.44782519,-2.65535028,-3.28917987,-0.85293094,-1.22998261,-1.86572183,-0.85936835,-0.548456,-1.02615797,-1.63041138,-2.66588228,-1.5070637,-1.18005168,-0.8426762,-1.4853772,-0.58364469,-1.57471335,-2.34049613,-2.43740461,-3.74179632,-1.80321702,-0.71522825,-1.89978027,-3.1701719,-2.2769254,-1.52716913,-1.41306191,-2.34223992,-2.12411893,-1.21344755,-3.24040498,-2.25999013,-2.12847356,-0.51306383,-2.42701621,-2.03493697,-2.2707096,-1.04760502,0.29210641,-1.27387421,-1.24441161,0.22019661,-1.6747895,-2.25891103,-1.60815398,0.20523147,-0.9407432,-0.63607438,-2.53802153,-2.38873079,-2.09052131,-1.8360339,-1.39830721,-3.51464114,-2.01135272,-0.92733222,-1.27465735,-1.86631354,-0.53279783,-2.31707311,-0.87560669,-1.73052652,-2.0924742,-1.36173133,-0.13407444,-1.89256729,-1.86078723,0.47826939,-1.0681838,-2.33289312,-2.8226371,-1.89115224,-1.59859308,-2.55839132,-2.20261694,-0.04513721,-1.7722761,-2.22140709,-1.78556856,-1.82715666,-3.56269408,-1.6005753,-1.05825835,-1.94610056,-2.39899799,-2.08196765,-0.25552912,-1.40913145,-1.83729927,-1.91377186,-1.66728687,-1.47469341,-1.49861891,-2.42337135,-1.62010478,-0.05334994,-2.70526762,-2.16961627,-1.11625633,-0.76001298,-1.24759461,-4.3638207,0.5172189,-3.36882243,-1.456962,-0.9493796,-0.7392896,-2.71858963,-3.03887455,-1.77887189,-1.26298745,-2.76639427,-0.75789865,-0.41864383,-2.21377874,-2.02784332,-0.49136191,-1.11575225,-1.94990994,-1.73733276,-0.83734219,-2.72537542,-1.58841369,-0.9791376,-1.56403392,-1.06893953,-2.55787656,-1.36411007,-2.6992934,-1.27133403,-0.51658696,-1.00616058,-2.00548803,-2.1527204,-2.14441079,-0.64615563
RT38,1.21788933,2.12841071,0.49054864,1.60401928,1.21181843,-0.01472671,0.3048161,0.18827549,-0.09591878,0.70289169,0.27404719,0.75453291,-1.54893356,0.47138945,0.20331806,-0.4974392,0.9753511,1.25876454,1.61979177,0.07862726,-0.82001996,1.87694426,-1.55251553,0.57451934,0.72803771,-1.26553681,1.42238399,0.66783407,-3.12596183,-0.09317989,1.58625252,0.58137066,0.25901793,0.96195819,2.62465144,1.18176942,0.01167494,0.65221461,0.58203518,-3.1701719,1.06245591,1.25709548,0.91584698,1.60264952,1.96837392,-3.70582622,1.54729487,0.01733775,1.01196207,-0.77192546,0.92689999,0.58148515,1.00967362,3.66386024,-4.89528498,-0.34339884,0.40437807,-0.83444119,0.34206439,1.1989817,-0.10793246,-0.31979002,-0.594542,-0.54910781,0.84223183,1.35912218,1.06038925,0.10186808,1.10958889,2.42897155,0.8309734,0.34306083,1.04773037,0.83433899,0.59227352,1.35287833,0.11617648,1.50082778,1.10826244,0.77833483,-0.02839296,1.0887906,0.18976048,-0.36506336,1.6286931,1.52394059,1.03176526,1.03288852,0.66844256,1.50451216,0.95087785,-0.42005943,0.99409551,1.55525855,1.83661004,0.75613898,0.30685974,-1.13091865,1.85278481,1.32668053,2.11077301,1.04548131,0.07019852,0.73585728,1.22609166,2.10710555,0.57920876,-0.33525912,0.21218355,1.82642175,0.52053314,-2.58959679,1.88461903,1.13849069,-0.08154784,-4.76734616,0.88854228,1.52427302,-3.35106118,1.25614057,1.75403767,1.84934209,0.36934374,1.39773384,1.69699051,1.22681071,-0.0413914,1.26341177,-0.02718431,-0.03236154,0.8484462,2.33098974,-0.6094174,0.05178669,1.34389228,1.24123922,1.18128916,0.82040319,1.02659315,-3.53613232,1.96068964,-3.97145942,2.69886605,1.92076414,0.50421806,-4.2670663,-1.93857016,-3.7787493,0.8152876,0.39050757,0.92364214,0.24584241
RT39,-0.482283057,-1.193115903,-0.134035869,-1.221287803,-0.598428718,0.530630899,-0.304367251,-0.420788577,0.207936154,-0.419163988,-0.295446282,-0.1649135,1.395032996,-1.095171926,-0.071793572,1.192809064,-1.5998133,-1.962203096,-1.497420402,0.405311492,-0.166832747,-1.288589809,0.196640846,0.492934034,1.309066876,-0.08997348,-0.726473743,-0.842562345,0.562917621,0.457761319,0.198168688,-0.204644799,-0.003072301,0.199745836,-1.209436301,0.079689104,-0.780477559,-0.020912311,-1.388954652,1.147316214,-0.435511782,-0.747010574,-0.985617898,-0.387440823,-1.376904524,-0.410396839,-1.310269618,-0.513282065,-2.076425619,1.455152077,-1.060062986,0.245186633,-1.720212383,-1.047605023,1.751105531,-0.140170599,-0.258839364,-0.910833534,-0.362699404,-0.38710885,0.514764583,0.032790329,-0.053450244,0.766553232,0.474068319,-0.194478415,-1.89846292,0.200862519,0.10556971,-0.574051665,-1.735917968,0.602408405,0.221985071,-0.508161487,-0.031517609,-0.177006947,-0.162591089,1.113964464,-0.02316446,-0.704951794,-0.080370831,-0.03018193,0.002396475,-0.049383558,-1.068183796,1.061610803,1.494250829,1.581733044,1.531437484,1.20880719,1.671897526,-0.239903899,-0.231634267,-0.768701681,-1.084163898,-0.964161523,-2.07001473,0.4889869,-1.729576232,-0.619229616,-2.398997988,0.203376119,0.826990056,-0.73014065,0.326023758,-0.902170944,-0.663984763,0.43484601,-0.623150169,-1.294906097,-0.350010734,1.25334365,-1.279704782,-1.710031306,-0.056478923,0.929747323,0.946523297,0.823213091,1.268475314,-0.883915786,-0.397412793,-3.514636606,0.169782279,-0.872762942,-1.327421714,-1.191085229,0.05103043,-0.569169697,0.145647647,0.137191782,-0.961015769,-0.633003913,0.498465635,-0.073231081,-1.143668866,-0.964142873,-3.727686167,0.253549736,-0.921323125,0.431174006,-0.447072497,0.997971861,0.760891921,0.988591686,0.386529203,0.600475842,0.984361674,1.207586467,-1.215247422,-1.047095714,-1.584795004,-0.115527383
RT40,-1.118736421,0.009293179,0.28340543,-0.028137939,-0.832837412,-0.197048265,-0.757664631,-1.289826424,0.135882837,0.614993005,0.110018826,-0.549147867,-0.243764738,-0.294080284,-0.637878162,-0.157218356,-0.21423297,-0.31354447,0.483581067,-0.271575168,0.376123401,-4.832385686,0.196684325,1.76825975,1.232163969,-3.422170848,-0.118566509,-0.246025541,-3.125961833,0.04709026,-1.159954796,0.341299088,-0.020628319,0.551090303,-1.29682584,-3.741796315,0.098963179,-0.466023921,-1.388954652,0.356188625,-0.818102182,-0.39870388,0.196376,-0.895320937,-1.185849287,1.084129157,-1.242405033,1.197153831,-1.832982341,1.983470858,-0.486997718,-0.469822543,-1.54344962,-1.047605023,-4.895284984,-0.03135743,-0.113576184,-0.654830754,-0.891679724,-1.342620295,-0.411321042,-0.111254146,-0.591180785,-0.975212387,-0.808733277,-0.81916527,-1.577925006,0.672118968,-1.890986316,-0.674744297,-1.796864144,-0.058437062,0.505928821,0.079644225,1.003391059,-0.995317271,-4.682246959,-3.786059516,-1.555774137,-0.3632025,0.001738602,-1.208047166,-0.713783279,0.465071834,1.329711476,-0.433283732,0.304123432,0.219368791,0.034924021,-0.095840549,0.079466569,-0.093194036,1.405912179,-0.908544661,-0.328582769,-1.153695232,-0.199995008,-1.59619876,0.683053042,-0.193561801,-2.398997988,0.194716972,0.930557498,-1.156021255,-1.431834159,-1.690628304,0.722309598,0.047728582,0.874735258,0.349217373,-0.320067841,-3.496513966,0.008664042,-0.200175619,0.455328392,-4.767346164,-1.231065306,0.473349704,0.271331188,0.48130389,-1.30412098,-2.784193641,0.633494259,-0.351466018,-0.029683259,-0.130213268,-0.192328031,-3.054076346,-0.055365588,0.632010011,-0.509030646,-1.700169301,0.753149998,-0.326227027,-0.970311851,-0.735884221,-0.549611504,-1.42600153,-0.565276352,-3.536132323,-1.235569858,-3.971459422,1.910049259,0.940784851,-0.586224711,-4.267066301,-3.636342642,-3.778749304,-0.764074384,-0.030365714,-0.352651322,-1.124191435
